state,month,ev_2w,ev_3w,ev_4w,ev_buses,ev_small_buses,ev_lcv,ev_mhcv,ev_tractors,ev_constr_eq,ev_total
Andhra Pradesh,2018-01-01,1,0,0,0,0,0,0,0,0,1
Assam,2018-01-01,1,381,0,0,0,0,0,0,0,382
Bihar,2018-01-01,13,467,0,0,0,0,0,0,0,480
Chandigarh,2018-01-01,0,10,0,0,0,0,0,0,0,10
Chhattisgarh,2018-01-01,2,37,2,0,0,67,0,1,12,121
Delhi,2018-01-01,0,1931,5,0,5,0,0,0,0,1941
Gujarat,2018-01-01,14,26,1,0,0,0,0,0,0,41
Haryana,2018-01-01,21,231,1,0,1,0,0,0,0,254
Jharkhand,2018-01-01,2,108,0,0,0,0,0,0,0,110
Karnataka,2018-01-01,7,14,34,0,1,2,0,1,0,59
Kerala,2018-01-01,0,1,1,0,0,0,0,0,0,2
Madhya Pradesh,2018-01-01,3,159,2,0,0,0,0,0,35,199
Maharashtra,2018-01-01,41,164,11,0,22,3,0,0,0,241
Manipur,2018-01-01,0,0,0,0,0,0,1,0,0,1
Odisha,2018-01-01,37,24,0,0,0,38,0,0,0,99
Puducherry,2018-01-01,0,1,2,0,0,0,0,0,0,3
Punjab,2018-01-01,3,3,0,0,0,0,0,0,0,6
Rajasthan,2018-01-01,2,737,1,0,0,0,0,0,0,740
Tamil Nadu,2018-01-01,1,0,5,0,0,1,0,0,0,7
Telangana,2018-01-01,2,0,1,0,0,0,0,0,0,3
Uttar Pradesh,2018-01-01,27,3413,0,0,0,1,0,0,0,3441
Uttarakhand,2018-01-01,1,358,0,0,0,0,0,0,0,359
West Bengal,2018-01-01,0,507,1,0,0,0,0,0,0,508
Assam,2018-02-01,0,396,0,0,0,0,0,0,0,396
Bihar,2018-02-01,2,167,0,0,0,0,0,0,0,169
Chandigarh,2018-02-01,0,21,1,0,0,0,0,0,0,22
Chhattisgarh,2018-02-01,9,27,3,0,1,43,0,0,3,86
Delhi,2018-02-01,11,1436,57,0,0,0,0,0,0,1504
Goa,2018-02-01,0,0,3,0,0,0,0,0,0,3
Gujarat,2018-02-01,5,7,4,0,0,0,0,0,0,16
Haryana,2018-02-01,18,257,0,0,0,2,0,0,0,277
Himachal Pradesh,2018-02-01,0,0,0,11,24,0,0,0,0,35
Jharkhand,2018-02-01,0,111,0,0,0,0,0,0,0,111
Karnataka,2018-02-01,8,14,30,0,49,0,0,0,0,101
Kerala,2018-02-01,0,1,3,0,0,0,0,0,0,4
Madhya Pradesh,2018-02-01,4,165,1,0,0,0,0,0,39,209
Maharashtra,2018-02-01,36,176,2,0,0,1,0,0,0,215
Manipur,2018-02-01,1,0,0,0,0,0,0,0,0,1
Odisha,2018-02-01,27,31,1,0,0,20,0,0,0,79
Punjab,2018-02-01,5,6,0,0,0,0,0,0,0,11
Rajasthan,2018-02-01,2,343,1,0,0,0,0,0,0,346
Tamil Nadu,2018-02-01,4,0,8,0,0,1,0,0,0,13
Telangana,2018-02-01,16,1,3,0,0,0,0,0,0,20
Uttar Pradesh,2018-02-01,24,2829,0,0,0,2,0,0,0,2855
Uttarakhand,2018-02-01,0,268,0,0,0,0,0,0,0,268
West Bengal,2018-02-01,0,649,2,0,0,0,0,0,0,651
Andhra Pradesh,2018-03-01,35,0,1,0,2,0,0,0,0,38
Assam,2018-03-01,1,406,0,0,0,0,0,0,0,407
Bihar,2018-03-01,16,427,0,0,0,0,0,0,0,443
Chandigarh,2018-03-01,0,22,0,0,0,0,0,0,0,22
Chhattisgarh,2018-03-01,8,64,0,0,0,69,0,0,14,155
Dadra and Nagar Haveli and Daman and Diu,2018-03-01,0,8,0,0,0,0,0,0,0,8
Delhi,2018-03-01,17,1379,40,0,0,0,0,0,0,1436
Goa,2018-03-01,1,0,3,0,0,0,0,0,0,4
Gujarat,2018-03-01,11,9,0,0,0,0,0,0,1,21
Haryana,2018-03-01,43,246,0,0,0,0,0,0,0,289
Himachal Pradesh,2018-03-01,0,0,0,5,7,0,0,0,0,12
Jammu and Kashmir,2018-03-01,1,0,0,0,0,0,0,0,0,1
Jharkhand,2018-03-01,11,116,0,0,0,0,0,0,0,127
Karnataka,2018-03-01,33,12,26,0,0,1,0,0,0,72
Kerala,2018-03-01,3,2,2,0,0,0,0,0,0,7
Madhya Pradesh,2018-03-01,4,133,0,0,0,0,0,0,20,157
Maharashtra,2018-03-01,79,99,11,2,1,0,0,0,0,192
Manipur,2018-03-01,0,2,0,0,0,0,0,0,0,2
Odisha,2018-03-01,65,30,0,0,0,8,0,0,0,103
Punjab,2018-03-01,16,6,0,0,0,0,0,0,0,22
Rajasthan,2018-03-01,22,176,1,0,0,1,0,0,0,200
Tamil Nadu,2018-03-01,14,0,6,0,2,1,0,0,0,23
Telangana,2018-03-01,43,0,2,0,0,0,0,0,0,45
Uttar Pradesh,2018-03-01,79,2950,0,0,0,0,0,0,0,3029
Uttarakhand,2018-03-01,3,326,0,0,0,0,0,0,0,329
West Bengal,2018-03-01,0,594,1,3,0,0,0,0,0,598
Andhra Pradesh,2018-04-01,48,0,2,0,0,0,0,0,0,50
Assam,2018-04-01,1,350,0,0,0,0,0,0,0,351
Bihar,2018-04-01,20,393,0,0,0,0,0,0,0,413
Chandigarh,2018-04-01,0,23,0,0,0,0,0,0,0,23
Chhattisgarh,2018-04-01,8,62,1,0,2,44,0,0,7,124
Dadra and Nagar Haveli and Daman and Diu,2018-04-01,0,8,0,0,0,1,0,0,0,9
Delhi,2018-04-01,2,1464,15,0,12,0,0,0,0,1493
Goa,2018-04-01,1,0,2,0,0,0,0,0,0,3
Gujarat,2018-04-01,14,10,2,0,0,0,0,0,0,26
Haryana,2018-04-01,31,206,0,0,1,2,0,0,0,240
Himachal Pradesh,2018-04-01,0,0,0,9,3,0,0,0,0,12
Jammu and Kashmir,2018-04-01,1,0,0,0,0,0,0,0,0,1
Jharkhand,2018-04-01,4,102,0,0,0,0,0,0,0,106
Karnataka,2018-04-01,60,18,42,0,39,0,0,0,0,159
Kerala,2018-04-01,3,1,6,0,0,0,0,0,0,10
Madhya Pradesh,2018-04-01,20,129,1,0,0,0,0,0,26,176
Maharashtra,2018-04-01,78,121,9,0,0,0,0,0,0,208
Manipur,2018-04-01,0,2,0,0,0,0,0,0,0,2
Odisha,2018-04-01,70,14,2,0,0,9,0,0,0,95
Punjab,2018-04-01,13,6,1,0,0,0,0,0,0,20
Rajasthan,2018-04-01,24,33,0,0,0,4,0,0,0,61
Tamil Nadu,2018-04-01,5,0,7,0,0,3,0,0,0,15
Telangana,2018-04-01,21,2,16,0,0,0,0,0,0,39
Uttar Pradesh,2018-04-01,79,2884,0,0,0,2,0,0,0,2965
Uttarakhand,2018-04-01,6,300,0,0,1,0,0,0,0,307
West Bengal,2018-04-01,0,466,0,0,0,0,0,0,0,466
Andhra Pradesh,2018-05-01,46,0,0,0,0,0,0,0,0,46
Assam,2018-05-01,6,460,0,0,0,0,0,0,0,466
Bihar,2018-05-01,35,536,0,0,0,1,1,0,0,573
Chandigarh,2018-05-01,4,15,1,0,0,0,0,0,0,20
Chhattisgarh,2018-05-01,7,24,0,0,0,80,0,0,9,120
Delhi,2018-05-01,28,1337,14,0,34,0,0,0,0,1413
Goa,2018-05-01,0,0,1,0,0,0,0,0,0,1
Gujarat,2018-05-01,13,15,0,0,0,0,0,0,0,28
Haryana,2018-05-01,65,267,2,0,1,2,0,1,0,338
Jammu and Kashmir,2018-05-01,10,0,0,0,0,0,0,0,0,10
Jharkhand,2018-05-01,27,109,0,0,0,0,0,0,0,136
Karnataka,2018-05-01,99,28,65,0,27,0,0,0,0,219
Kerala,2018-05-01,3,2,11,0,0,0,0,0,0,16
Madhya Pradesh,2018-05-01,21,88,2,0,0,0,0,0,29,140
Maharashtra,2018-05-01,92,116,4,2,3,0,0,0,0,217
Manipur,2018-05-01,0,2,0,0,0,0,0,0,0,2
Odisha,2018-05-01,65,28,0,0,0,2,0,0,0,95
Punjab,2018-05-01,4,4,0,0,0,1,0,1,0,10
Rajasthan,2018-05-01,41,7,4,0,0,1,0,0,0,53
Tamil Nadu,2018-05-01,38,0,3,0,0,0,0,0,0,41
Telangana,2018-05-01,38,7,42,0,0,0,0,0,0,87
Uttar Pradesh,2018-05-01,77,3614,2,0,0,0,0,0,0,3693
Uttarakhand,2018-05-01,0,365,0,0,0,0,0,0,0,365
West Bengal,2018-05-01,1,260,0,0,0,0,0,0,0,261
Andhra Pradesh,2018-06-01,83,0,0,0,0,0,0,0,0,83
Assam,2018-06-01,6,645,0,0,0,0,0,0,0,651
Bihar,2018-06-01,37,594,0,0,0,0,0,0,0,631
Chandigarh,2018-06-01,0,6,0,0,0,0,0,0,0,6
Chhattisgarh,2018-06-01,12,47,1,0,5,70,0,0,14,149
Delhi,2018-06-01,29,1206,43,0,19,0,0,0,0,1297
Gujarat,2018-06-01,11,17,0,0,0,0,0,0,0,28
Haryana,2018-06-01,66,202,2,0,0,4,0,0,0,274
Jammu and Kashmir,2018-06-01,11,0,0,0,0,0,0,0,0,11
Jharkhand,2018-06-01,42,106,0,0,0,0,0,0,0,148
Karnataka,2018-06-01,122,12,52,0,50,0,0,1,0,237
Kerala,2018-06-01,18,2,6,0,0,1,0,0,0,27
Madhya Pradesh,2018-06-01,30,136,1,0,0,0,0,1,17,185
Maharashtra,2018-06-01,131,95,7,1,11,2,0,0,0,247
Manipur,2018-06-01,0,4,0,0,0,0,0,0,0,4
Odisha,2018-06-01,73,21,0,0,0,1,0,0,0,95
Puducherry,2018-06-01,17,0,0,0,0,0,0,0,0,17
Punjab,2018-06-01,4,4,0,0,0,0,0,0,0,8
Rajasthan,2018-06-01,68,98,0,0,0,0,0,0,0,166
Tamil Nadu,2018-06-01,65,0,4,0,0,0,0,0,0,69
Telangana,2018-06-01,71,2,2,0,0,0,0,0,0,75
Uttar Pradesh,2018-06-01,116,3588,0,0,0,0,0,0,0,3704
Uttarakhand,2018-06-01,14,300,0,0,0,0,0,0,0,314
West Bengal,2018-06-01,0,474,4,0,3,0,0,0,0,481
Andhra Pradesh,2018-07-01,127,0,18,0,0,0,0,0,0,145
Assam,2018-07-01,4,752,0,0,0,0,0,0,0,756
Bihar,2018-07-01,52,662,0,0,0,0,0,0,0,714
Chandigarh,2018-07-01,2,5,2,0,0,0,0,0,0,9
Chhattisgarh,2018-07-01,55,79,0,0,11,84,0,0,22,251
Delhi,2018-07-01,23,1550,1,0,44,0,0,0,0,1618
Goa,2018-07-01,0,0,1,0,0,0,0,0,2,3
Gujarat,2018-07-01,22,11,1,0,0,0,2,0,4,40
Haryana,2018-07-01,90,191,1,0,0,5,0,0,0,287
Jammu and Kashmir,2018-07-01,5,0,0,0,0,0,0,0,0,5
Jharkhand,2018-07-01,31,126,0,0,0,1,0,0,0,158
Karnataka,2018-07-01,100,24,36,0,17,0,0,0,0,177
Kerala,2018-07-01,16,4,3,0,0,0,0,0,0,23
Madhya Pradesh,2018-07-01,56,153,1,0,0,0,0,0,31,241
Maharashtra,2018-07-01,169,75,19,0,15,0,0,0,0,278
Manipur,2018-07-01,0,1,0,0,0,0,0,0,0,1
Odisha,2018-07-01,53,32,0,0,0,4,0,0,0,89
Puducherry,2018-07-01,8,0,0,0,0,0,0,0,0,8
Punjab,2018-07-01,28,1,0,0,0,0,0,0,0,29
Rajasthan,2018-07-01,91,154,0,0,0,0,0,0,0,245
Tamil Nadu,2018-07-01,68,0,8,0,0,0,1,1,0,78
Telangana,2018-07-01,100,4,2,0,0,0,0,0,0,106
Uttar Pradesh,2018-07-01,212,4985,0,0,0,3,0,0,0,5200
Uttarakhand,2018-07-01,9,556,0,0,0,0,0,0,0,565
West Bengal,2018-07-01,0,483,0,0,0,0,0,0,0,483
Andhra Pradesh,2018-08-01,108,0,0,0,0,0,0,0,0,108
Arunachal Pradesh,2018-08-01,1,0,0,0,0,0,0,0,0,1
Assam,2018-08-01,3,728,0,0,0,0,0,0,0,731
Bihar,2018-08-01,52,749,0,0,1,0,0,0,0,802
Chandigarh,2018-08-01,6,3,0,0,0,0,0,0,0,9
Chhattisgarh,2018-08-01,38,50,0,0,3,56,0,2,16,165
Dadra and Nagar Haveli and Daman and Diu,2018-08-01,0,1,0,0,0,0,0,0,0,1
Delhi,2018-08-01,26,1841,8,0,14,0,0,0,0,1889
Goa,2018-08-01,0,0,3,0,0,0,0,0,0,3
Gujarat,2018-08-01,15,17,0,0,0,0,0,0,0,32
Haryana,2018-08-01,118,333,12,0,0,16,0,0,0,479
Jammu and Kashmir,2018-08-01,6,0,0,0,0,0,0,0,0,6
Jharkhand,2018-08-01,35,126,0,0,0,0,0,0,0,161
Karnataka,2018-08-01,174,16,20,0,28,0,0,0,0,238
Kerala,2018-08-01,7,2,4,0,0,0,0,0,0,13
Madhya Pradesh,2018-08-01,64,138,6,0,0,1,0,1,15,225
Maharashtra,2018-08-01,278,94,6,0,1,0,0,0,0,379
Manipur,2018-08-01,0,3,0,0,0,0,0,0,0,3
Odisha,2018-08-01,72,19,1,0,0,5,0,0,0,97
Puducherry,2018-08-01,7,0,0,0,0,0,0,0,0,7
Punjab,2018-08-01,27,3,1,0,0,0,0,0,0,31
Rajasthan,2018-08-01,127,317,0,0,0,0,0,0,1,445
Tamil Nadu,2018-08-01,102,1,3,0,0,0,0,0,0,106
Telangana,2018-08-01,70,2,1,0,0,0,0,0,0,73
Tripura,2018-08-01,1,0,0,0,0,0,0,0,0,1
Uttar Pradesh,2018-08-01,297,4537,1,0,0,3,0,0,0,4838
Uttarakhand,2018-08-01,9,501,0,0,0,0,0,0,0,510
West Bengal,2018-08-01,0,511,1,0,0,0,0,0,0,512
Andhra Pradesh,2018-09-01,181,3,0,0,0,0,0,0,0,184
Assam,2018-09-01,6,892,0,0,0,0,0,0,0,898
Bihar,2018-09-01,79,916,0,0,0,0,0,0,0,995
Chandigarh,2018-09-01,8,20,0,0,0,0,0,0,0,28
Chhattisgarh,2018-09-01,44,18,0,0,0,26,0,0,21,109
Delhi,2018-09-01,20,2172,21,0,3,0,0,0,0,2216
Goa,2018-09-01,1,0,1,0,0,2,0,0,0,4
Gujarat,2018-09-01,30,11,1,0,0,0,0,0,0,42
Haryana,2018-09-01,184,270,0,0,0,1,0,0,0,455
Jammu and Kashmir,2018-09-01,17,0,0,0,0,0,0,0,0,17
Jharkhand,2018-09-01,55,145,0,0,0,0,0,0,0,200
Karnataka,2018-09-01,239,26,39,0,38,0,0,0,0,342
Kerala,2018-09-01,16,0,21,0,4,0,0,0,0,41
Madhya Pradesh,2018-09-01,62,157,0,0,0,0,0,0,9,228
Maharashtra,2018-09-01,378,82,2,0,1,2,0,0,0,465
Manipur,2018-09-01,0,7,0,0,0,0,0,0,0,7
Meghalaya,2018-09-01,2,0,0,0,0,0,0,0,0,2
Odisha,2018-09-01,102,17,1,0,0,1,0,0,0,121
Puducherry,2018-09-01,10,0,0,0,0,0,0,0,0,10
Punjab,2018-09-01,24,2,0,0,0,0,0,0,0,26
Rajasthan,2018-09-01,193,181,0,0,0,0,0,0,0,374
Tamil Nadu,2018-09-01,189,0,6,0,0,0,0,0,0,195
Telangana,2018-09-01,115,7,1,5,0,0,0,0,0,128
Tripura,2018-09-01,8,0,0,0,0,0,0,0,0,8
Uttar Pradesh,2018-09-01,389,5356,0,0,0,1,0,0,0,5746
Uttarakhand,2018-09-01,23,474,0,0,0,0,0,0,0,497
West Bengal,2018-09-01,0,379,1,0,0,0,0,0,0,380
Andhra Pradesh,2018-10-01,172,7,0,0,0,0,0,0,2,181
Assam,2018-10-01,19,922,0,0,0,1,0,0,0,942
Bihar,2018-10-01,94,996,0,0,0,0,0,0,0,1090
Chandigarh,2018-10-01,11,19,0,0,0,0,0,0,0,30
Chhattisgarh,2018-10-01,41,74,0,0,0,0,0,0,0,115
Delhi,2018-10-01,23,2333,15,0,6,0,0,0,0,2377
Goa,2018-10-01,1,0,1,0,0,0,0,0,0,2
Gujarat,2018-10-01,80,27,0,0,0,0,0,0,0,107
Haryana,2018-10-01,122,280,7,1,0,12,0,0,0,422
Jammu and Kashmir,2018-10-01,9,0,0,0,0,0,0,0,0,9
Jharkhand,2018-10-01,28,225,0,0,0,0,0,0,0,253
Karnataka,2018-10-01,159,19,17,0,6,0,0,0,0,201
Kerala,2018-10-01,29,0,2,0,0,0,0,0,0,31
Madhya Pradesh,2018-10-01,95,166,3,0,0,0,0,0,30,294
Maharashtra,2018-10-01,585,71,5,0,4,1,0,0,0,666
Manipur,2018-10-01,0,1,0,0,0,0,0,0,0,1
Odisha,2018-10-01,133,34,1,0,0,0,0,0,0,168
Puducherry,2018-10-01,20,1,0,0,0,0,0,0,0,21
Punjab,2018-10-01,33,13,1,0,0,0,0,0,0,47
Rajasthan,2018-10-01,247,393,0,0,4,0,0,0,0,644
Tamil Nadu,2018-10-01,270,0,1,0,0,0,0,0,0,271
Telangana,2018-10-01,99,5,11,0,0,0,0,0,1,116
Tripura,2018-10-01,12,0,0,0,0,0,0,0,0,12
Uttar Pradesh,2018-10-01,320,5331,1,0,0,1,0,0,0,5653
Uttarakhand,2018-10-01,62,484,0,0,0,0,0,0,0,546
West Bengal,2018-10-01,0,905,1,0,0,0,0,0,0,906
Andhra Pradesh,2018-11-01,150,9,12,0,0,0,0,1,3,175
Assam,2018-11-01,14,806,0,0,0,0,0,0,0,820
Bihar,2018-11-01,130,941,0,0,0,0,0,0,0,1071
Chandigarh,2018-11-01,6,9,0,0,0,0,0,0,0,15
Chhattisgarh,2018-11-01,120,144,0,0,0,0,0,0,0,264
Delhi,2018-11-01,43,1867,13,0,7,0,0,0,0,1930
Goa,2018-11-01,0,0,2,0,0,0,0,0,0,2
Gujarat,2018-11-01,50,8,1,0,0,0,0,0,0,59
Haryana,2018-11-01,356,266,2,1,0,15,0,0,0,640
Himachal Pradesh,2018-11-01,1,0,1,0,1,0,0,0,0,3
Jammu and Kashmir,2018-11-01,19,0,0,0,0,0,0,0,0,19
Jharkhand,2018-11-01,30,135,12,0,0,0,0,0,0,177
Karnataka,2018-11-01,253,19,25,0,27,0,0,0,0,324
Kerala,2018-11-01,28,5,2,5,0,0,0,0,0,40
Madhya Pradesh,2018-11-01,92,171,2,0,1,0,0,0,16,282
Maharashtra,2018-11-01,600,84,12,0,36,0,0,0,0,732
Manipur,2018-11-01,0,5,0,0,0,0,0,0,0,5
Odisha,2018-11-01,134,58,1,0,0,0,0,0,0,193
Puducherry,2018-11-01,8,0,0,0,0,0,0,0,0,8
Punjab,2018-11-01,91,5,1,0,0,0,0,0,0,97
Rajasthan,2018-11-01,325,320,0,0,4,0,0,0,0,649
Tamil Nadu,2018-11-01,304,0,6,0,0,0,0,0,0,310
Telangana,2018-11-01,86,7,23,0,0,1,0,0,0,117
Tripura,2018-11-01,6,1,0,0,0,0,0,0,0,7
Uttar Pradesh,2018-11-01,570,4834,6,1,0,0,0,0,0,5411
Uttarakhand,2018-11-01,38,295,0,0,0,0,0,0,0,333
West Bengal,2018-11-01,8,535,3,0,0,0,0,0,0,546
Andaman and Nicobar Islands,2018-12-01,0,0,20,0,0,0,0,0,0,20
Andhra Pradesh,2018-12-01,130,9,29,0,0,0,0,0,4,172
Assam,2018-12-01,8,595,0,0,0,0,0,0,0,603
Bihar,2018-12-01,61,1027,0,0,0,0,0,0,0,1088
Chandigarh,2018-12-01,4,15,0,0,0,0,0,0,0,19
Chhattisgarh,2018-12-01,157,86,0,0,0,0,0,0,0,243
Dadra and Nagar Haveli and Daman and Diu,2018-12-01,1,0,0,0,0,0,0,0,0,1
Delhi,2018-12-01,34,1771,24,0,12,0,0,0,0,1841
Goa,2018-12-01,0,0,1,0,0,0,0,0,0,1
Gujarat,2018-12-01,34,15,1,0,0,0,0,0,8,58
Haryana,2018-12-01,315,327,0,0,0,27,0,0,0,669
Jammu and Kashmir,2018-12-01,11,0,0,0,0,0,0,0,0,11
Jharkhand,2018-12-01,71,191,8,0,0,0,0,0,0,270
Karnataka,2018-12-01,141,10,11,0,0,0,0,0,0,162
Kerala,2018-12-01,38,18,2,0,0,0,0,0,0,58
Madhya Pradesh,2018-12-01,119,246,2,0,0,0,0,0,40,407
Maharashtra,2018-12-01,666,122,11,0,0,0,0,0,0,799
Manipur,2018-12-01,0,10,0,0,0,0,0,0,0,10
Odisha,2018-12-01,87,37,0,0,0,0,0,0,0,124
Puducherry,2018-12-01,13,0,0,0,0,0,0,0,0,13
Punjab,2018-12-01,41,15,0,0,0,0,0,0,0,56
Rajasthan,2018-12-01,363,392,0,0,0,0,0,0,0,755
Tamil Nadu,2018-12-01,204,0,1,0,0,0,0,0,0,205
Telangana,2018-12-01,87,24,5,4,0,0,0,0,0,120
Tripura,2018-12-01,4,0,0,0,0,0,0,0,0,4
Uttar Pradesh,2018-12-01,573,6101,2,0,0,0,0,0,0,6676
Uttarakhand,2018-12-01,90,587,0,0,0,0,0,0,0,677
West Bengal,2018-12-01,6,925,2,2,0,0,1,0,0,936
Andhra Pradesh,2019-01-01,126,6,0,0,1,0,0,0,2,135
Assam,2019-01-01,11,404,0,0,0,0,0,0,0,415
Bihar,2019-01-01,16,749,0,0,0,0,0,0,0,765
Chandigarh,2019-01-01,1,12,0,0,0,0,0,0,0,13
Chhattisgarh,2019-01-01,105,147,0,0,0,0,0,0,0,252
Dadra and Nagar Haveli and Daman and Diu,2019-01-01,3,0,0,0,0,0,0,0,0,3
Delhi,2019-01-01,48,1854,14,0,2,0,0,0,0,1918
Goa,2019-01-01,3,0,0,0,0,0,0,0,0,3
Gujarat,2019-01-01,41,18,2,0,0,0,0,0,0,61
Haryana,2019-01-01,154,317,1,0,7,7,0,0,0,486
Himachal Pradesh,2019-01-01,1,0,0,0,0,0,0,0,0,1
Jharkhand,2019-01-01,18,162,11,0,0,1,0,0,0,192
Karnataka,2019-01-01,336,18,19,0,0,0,0,0,0,373
Kerala,2019-01-01,70,3,0,5,0,1,0,0,0,79
Madhya Pradesh,2019-01-01,140,172,1,0,0,0,0,0,8,321
Maharashtra,2019-01-01,591,100,10,0,1,1,0,0,0,703
Manipur,2019-01-01,2,2,0,0,0,0,0,0,0,4
Nagaland,2019-01-01,1,0,0,0,0,0,0,0,0,1
Odisha,2019-01-01,69,55,0,0,0,0,0,0,0,124
Puducherry,2019-01-01,13,0,0,0,0,0,0,0,0,13
Punjab,2019-01-01,46,8,0,0,0,0,0,0,0,54
Rajasthan,2019-01-01,166,589,2,0,0,0,0,0,0,757
Tamil Nadu,2019-01-01,176,0,1,0,0,0,0,0,0,177
Telangana,2019-01-01,42,13,1,31,0,0,0,0,0,87
Tripura,2019-01-01,2,0,0,0,0,0,0,0,0,2
Uttar Pradesh,2019-01-01,524,4556,1,0,0,1,0,0,0,5082
Uttarakhand,2019-01-01,66,464,0,0,0,0,0,0,0,530
West Bengal,2019-01-01,18,897,0,0,0,0,0,0,0,915
Andhra Pradesh,2019-02-01,163,8,111,0,0,0,0,0,14,296
Assam,2019-02-01,14,532,0,0,0,0,0,0,0,546
Bihar,2019-02-01,105,898,0,0,0,1,0,0,0,1004
Chandigarh,2019-02-01,3,7,0,0,0,0,0,0,0,10
Chhattisgarh,2019-02-01,115,215,0,0,0,0,0,0,0,330
Dadra and Nagar Haveli and Daman and Diu,2019-02-01,1,0,0,0,0,0,0,0,0,1
Delhi,2019-02-01,36,1477,12,0,0,0,0,0,0,1525
Goa,2019-02-01,2,0,0,0,0,0,0,0,0,2
Gujarat,2019-02-01,50,30,5,0,0,0,0,0,2,87
Haryana,2019-02-01,177,237,0,0,1,0,0,0,1,416
Jammu and Kashmir,2019-02-01,2,0,0,0,0,0,0,0,0,2
Jharkhand,2019-02-01,25,83,8,0,0,0,0,0,0,116
Karnataka,2019-02-01,312,9,5,0,38,0,0,0,0,364
Kerala,2019-02-01,35,2,0,0,0,0,0,0,0,37
Madhya Pradesh,2019-02-01,155,170,0,0,2,0,0,0,30,357
Maharashtra,2019-02-01,522,94,12,25,27,1,0,0,0,681
Manipur,2019-02-01,0,20,0,0,0,0,0,0,0,20
Nagaland,2019-02-01,16,0,0,0,0,0,0,0,0,16
Odisha,2019-02-01,64,41,0,0,0,0,0,0,0,105
Puducherry,2019-02-01,10,0,0,0,0,0,0,0,0,10
Punjab,2019-02-01,162,6,0,0,0,0,0,0,0,168
Rajasthan,2019-02-01,308,326,1,0,3,0,0,0,0,638
Tamil Nadu,2019-02-01,246,0,1,0,0,0,0,0,0,247
Telangana,2019-02-01,83,6,3,0,0,0,0,0,1,93
Tripura,2019-02-01,9,16,0,0,0,0,0,0,0,25
Uttar Pradesh,2019-02-01,501,3450,0,0,1,0,0,0,0,3952
Uttarakhand,2019-02-01,65,414,0,0,0,0,0,0,0,479
West Bengal,2019-02-01,27,751,1,18,0,0,0,0,0,797
Andhra Pradesh,2019-03-01,247,8,94,0,0,0,0,0,19,368
Assam,2019-03-01,6,714,0,0,0,0,0,0,0,720
Bihar,2019-03-01,130,719,0,0,0,0,0,0,0,849
Chandigarh,2019-03-01,2,14,0,0,0,0,0,0,0,16
Chhattisgarh,2019-03-01,188,258,0,0,0,0,0,0,0,446
Delhi,2019-03-01,385,1448,17,0,59,1,0,0,0,1910
Goa,2019-03-01,1,2,0,0,0,0,0,0,0,3
Gujarat,2019-03-01,113,46,2,3,0,0,0,0,0,164
Haryana,2019-03-01,326,311,0,0,0,0,0,0,0,637
Jammu and Kashmir,2019-03-01,18,0,0,0,0,0,0,0,0,18
Jharkhand,2019-03-01,18,48,2,0,0,0,0,0,0,68
Karnataka,2019-03-01,1029,25,16,0,15,0,0,0,0,1085
Kerala,2019-03-01,27,3,0,0,0,0,0,0,0,30
Madhya Pradesh,2019-03-01,206,150,9,1,0,0,0,0,21,387
Maharashtra,2019-03-01,799,97,10,1,6,0,0,0,0,913
Manipur,2019-03-01,4,5,0,0,0,0,0,0,0,9
Meghalaya,2019-03-01,0,2,0,0,0,0,0,0,0,2
Nagaland,2019-03-01,9,0,0,0,0,0,0,0,0,9
Odisha,2019-03-01,157,22,0,0,0,0,0,0,0,179
Puducherry,2019-03-01,12,1,0,0,0,0,0,0,0,13
Punjab,2019-03-01,171,27,1,0,0,0,0,0,0,199
Rajasthan,2019-03-01,625,242,0,0,1,0,0,0,0,868
Tamil Nadu,2019-03-01,480,0,2,0,0,0,0,0,0,482
Telangana,2019-03-01,80,14,1,1,0,0,0,0,1,97
Tripura,2019-03-01,0,1,2,0,0,0,0,0,0,3
Uttar Pradesh,2019-03-01,796,3506,5,0,0,0,0,0,0,4307
Uttarakhand,2019-03-01,65,370,0,0,0,0,0,0,0,435
West Bengal,2019-03-01,59,980,0,0,0,0,0,0,0,1039
Andhra Pradesh,2019-04-01,226,4,51,0,0,0,0,0,26,307
Assam,2019-04-01,8,645,0,0,0,0,0,0,0,653
Bihar,2019-04-01,101,567,0,0,0,1,0,0,0,669
Chandigarh,2019-04-01,3,13,0,0,0,0,0,0,0,16
Chhattisgarh,2019-04-01,92,135,0,0,0,0,0,0,0,227
Dadra and Nagar Haveli and Daman and Diu,2019-04-01,2,1,0,0,0,0,0,0,0,3
Delhi,2019-04-01,54,1472,17,0,2,0,0,0,0,1545
Gujarat,2019-04-01,78,26,6,2,0,0,0,0,0,112
Haryana,2019-04-01,258,298,0,0,0,0,0,0,0,556
Himachal Pradesh,2019-04-01,0,0,0,13,1,0,0,0,0,14
Jammu and Kashmir,2019-04-01,7,0,0,0,0,0,0,0,0,7
Jharkhand,2019-04-01,26,104,1,0,0,0,0,0,0,131
Karnataka,2019-04-01,160,7,21,0,7,0,0,0,0,195
Kerala,2019-04-01,22,0,2,0,0,0,0,0,0,24
Madhya Pradesh,2019-04-01,147,141,4,0,0,1,0,0,38,331
Maharashtra,2019-04-01,671,85,5,0,17,1,0,0,0,779
Manipur,2019-04-01,2,1,0,0,0,0,0,0,0,3
Odisha,2019-04-01,91,10,0,0,0,0,0,0,0,101
Puducherry,2019-04-01,2,0,0,0,0,0,0,0,0,2
Punjab,2019-04-01,33,13,0,0,0,0,0,0,0,46
Rajasthan,2019-04-01,228,325,0,0,2,0,0,0,0,555
Tamil Nadu,2019-04-01,241,0,3,0,0,0,0,0,0,244
Telangana,2019-04-01,69,8,12,0,0,0,0,0,1,90
Tripura,2019-04-01,1,0,0,0,0,0,0,0,0,1
Uttar Pradesh,2019-04-01,512,3210,1,1,0,0,0,0,0,3724
Uttarakhand,2019-04-01,78,309,0,0,0,0,0,0,0,387
West Bengal,2019-04-01,39,522,0,17,0,0,0,0,0,578
Andaman and Nicobar Islands,2019-05-01,0,0,2,0,0,0,0,0,0,2
Andhra Pradesh,2019-05-01,69,4,5,0,0,0,0,0,2,80
Assam,2019-05-01,5,861,0,0,0,0,0,0,0,866
Bihar,2019-05-01,71,487,0,0,0,0,0,0,0,558
Chandigarh,2019-05-01,0,9,0,0,0,0,0,0,0,9
Chhattisgarh,2019-05-01,30,119,0,0,0,0,0,0,0,149
Dadra and Nagar Haveli and Daman and Diu,2019-05-01,1,0,0,0,0,0,0,0,0,1
Delhi,2019-05-01,10,1429,16,0,1,0,0,0,0,1456
Goa,2019-05-01,3,1,0,0,0,0,0,0,0,4
Gujarat,2019-05-01,35,22,1,0,0,0,0,0,1,59
Haryana,2019-05-01,74,226,0,0,0,0,0,0,0,300
Himachal Pradesh,2019-05-01,0,0,0,16,0,0,0,0,0,16
Jammu and Kashmir,2019-05-01,4,0,0,10,0,0,0,0,0,14
Jharkhand,2019-05-01,4,73,0,0,0,0,0,0,0,77
Karnataka,2019-05-01,328,7,0,0,0,0,0,0,0,335
Kerala,2019-05-01,23,2,5,0,0,0,0,0,0,30
Madhya Pradesh,2019-05-01,71,109,2,0,0,0,0,0,38,220
Maharashtra,2019-05-01,471,121,11,0,20,0,0,0,0,623
Manipur,2019-05-01,0,14,0,0,0,0,0,0,0,14
Nagaland,2019-05-01,1,0,0,0,0,0,0,0,0,1
Odisha,2019-05-01,37,9,0,0,0,0,0,0,0,46
Puducherry,2019-05-01,6,0,0,0,0,0,0,0,0,6
Punjab,2019-05-01,8,12,0,0,0,0,0,0,0,20
Rajasthan,2019-05-01,98,291,2,0,0,0,0,0,0,391
Tamil Nadu,2019-05-01,135,0,0,0,0,0,0,0,0,135
Telangana,2019-05-01,46,8,72,1,0,0,0,0,0,127
Tripura,2019-05-01,1,0,0,0,0,0,0,0,0,1
Uttar Pradesh,2019-05-01,125,3633,0,24,0,2,0,0,0,3784
Uttarakhand,2019-05-01,47,475,0,1,0,0,0,0,0,523
West Bengal,2019-05-01,12,353,0,3,0,0,0,0,0,368
Andhra Pradesh,2019-06-01,92,5,0,0,0,0,0,0,97,194
Assam,2019-06-01,10,870,0,0,0,0,0,0,0,880
Bihar,2019-06-01,23,464,0,0,0,0,0,0,0,487
Chandigarh,2019-06-01,1,161,0,0,0,0,0,0,0,162
Chhattisgarh,2019-06-01,34,94,0,0,0,0,0,0,0,128
Dadra and Nagar Haveli and Daman and Diu,2019-06-01,0,1,0,0,0,0,0,0,0,1
Delhi,2019-06-01,72,1389,12,0,5,0,0,0,0,1478
Gujarat,2019-06-01,15,61,0,5,0,0,0,0,4,85
Haryana,2019-06-01,24,209,0,0,1,1,0,0,0,235
Jammu and Kashmir,2019-06-01,1,0,0,10,0,0,0,0,0,11
Jharkhand,2019-06-01,16,132,8,0,0,1,0,0,0,157
Karnataka,2019-06-01,640,10,1,0,15,0,0,0,0,666
Kerala,2019-06-01,23,3,0,0,0,0,0,0,0,26
Madhya Pradesh,2019-06-01,72,106,0,0,0,0,0,0,25,203
Maharashtra,2019-06-01,324,130,5,0,3,0,0,0,0,462
Manipur,2019-06-01,9,19,0,0,0,0,0,0,0,28
Meghalaya,2019-06-01,0,1,0,0,0,0,0,0,0,1
Nagaland,2019-06-01,2,0,0,0,0,0,0,0,0,2
Odisha,2019-06-01,36,24,0,0,0,0,0,0,1,61
Puducherry,2019-06-01,3,0,0,0,0,0,0,0,0,3
Punjab,2019-06-01,12,9,0,0,0,0,0,0,0,21
Rajasthan,2019-06-01,41,190,2,0,0,0,0,0,0,233
Tamil Nadu,2019-06-01,145,0,3,0,0,0,0,0,0,148
Telangana,2019-06-01,24,14,3,0,0,0,0,0,0,41
Uttar Pradesh,2019-06-01,136,3805,0,15,0,1,0,0,0,3957
Uttarakhand,2019-06-01,5,389,1,0,0,0,0,0,0,395
West Bengal,2019-06-01,23,1113,1,0,0,0,0,0,0,1137
Andhra Pradesh,2019-07-01,69,4,4,0,0,0,0,0,0,77
Assam,2019-07-01,11,984,0,0,0,0,0,0,0,995
Bihar,2019-07-01,46,1040,2,0,0,0,0,0,0,1088
Chandigarh,2019-07-01,2,28,0,0,0,0,0,0,0,30
Chhattisgarh,2019-07-01,37,136,2,0,0,0,0,0,0,175
Delhi,2019-07-01,5,1627,39,0,0,0,0,0,0,1671
Goa,2019-07-01,5,1,0,0,0,0,0,0,0,6
Gujarat,2019-07-01,22,29,2,1,0,0,0,0,2,56
Haryana,2019-07-01,20,314,1,0,0,0,0,0,0,335
Himachal Pradesh,2019-07-01,0,0,0,0,1,0,0,0,0,1
Jammu and Kashmir,2019-07-01,4,0,0,20,0,0,0,0,0,24
Jharkhand,2019-07-01,23,126,0,0,0,4,0,0,0,153
Karnataka,2019-07-01,471,9,3,0,19,0,0,0,0,502
Kerala,2019-07-01,12,5,2,0,1,0,0,0,0,20
Madhya Pradesh,2019-07-01,49,134,2,0,1,0,0,0,11,197
Maharashtra,2019-07-01,264,88,3,14,24,0,0,0,0,393
Manipur,2019-07-01,10,26,0,0,0,0,0,0,0,36
Meghalaya,2019-07-01,1,0,0,0,0,0,0,0,0,1
Odisha,2019-07-01,62,19,0,0,0,0,0,0,0,81
Puducherry,2019-07-01,6,0,0,0,0,0,0,0,0,6
Punjab,2019-07-01,19,11,0,0,0,0,0,0,0,30
Rajasthan,2019-07-01,78,302,0,0,0,0,0,0,0,380
Tamil Nadu,2019-07-01,179,0,4,0,0,0,0,0,0,183
Telangana,2019-07-01,37,12,9,0,1,0,0,0,0,59
Tripura,2019-07-01,2,45,0,0,0,0,0,0,0,47
Uttar Pradesh,2019-07-01,143,4520,1,0,0,1,0,0,0,4665
Uttarakhand,2019-07-01,10,523,0,0,0,0,0,0,0,533
West Bengal,2019-07-01,19,775,1,0,0,0,0,0,0,795
Andhra Pradesh,2019-08-01,77,69,2,0,0,1,0,0,2,151
Assam,2019-08-01,3,1068,0,15,0,0,0,0,0,1086
Bihar,2019-08-01,15,880,0,0,0,0,0,0,0,895
Chandigarh,2019-08-01,0,116,3,0,0,0,0,0,0,119
Chhattisgarh,2019-08-01,41,130,0,0,0,0,0,0,0,171
Delhi,2019-08-01,14,1945,17,0,3,0,0,0,0,1979
Goa,2019-08-01,3,0,0,0,0,0,0,0,0,3
Gujarat,2019-08-01,15,31,0,0,0,0,0,0,0,46
Haryana,2019-08-01,14,356,1,0,0,7,0,0,1,379
Jharkhand,2019-08-01,14,130,0,0,0,0,0,0,0,144
Karnataka,2019-08-01,371,6,21,0,8,0,0,0,0,406
Kerala,2019-08-01,6,8,7,0,0,0,0,0,0,21
Madhya Pradesh,2019-08-01,86,172,0,0,0,0,0,0,27,285
Maharashtra,2019-08-01,321,75,9,47,10,2,0,0,0,464
Manipur,2019-08-01,7,37,0,0,0,0,0,0,0,44
Meghalaya,2019-08-01,2,0,0,0,0,0,0,0,0,2
Odisha,2019-08-01,46,31,0,0,0,0,0,0,0,77
Puducherry,2019-08-01,2,0,0,0,0,0,0,0,0,2
Punjab,2019-08-01,5,18,1,0,0,1,0,0,0,25
Rajasthan,2019-08-01,52,339,0,0,0,0,0,0,0,391
Tamil Nadu,2019-08-01,232,0,15,0,0,0,0,0,0,247
Telangana,2019-08-01,36,15,49,0,0,1,0,0,0,101
Tripura,2019-08-01,2,250,0,0,0,0,0,0,0,252
Uttar Pradesh,2019-08-01,138,4629,1,0,0,1,0,0,0,4769
Uttarakhand,2019-08-01,19,495,0,0,0,0,0,0,0,514
West Bengal,2019-08-01,22,742,2,18,0,0,0,0,0,784
Andhra Pradesh,2019-09-01,56,5,2,0,0,0,0,0,1,64
Assam,2019-09-01,5,1169,0,0,1,0,0,0,0,1175
Bihar,2019-09-01,40,1504,7,0,0,0,0,0,0,1551
Chandigarh,2019-09-01,1,24,0,0,0,0,0,0,0,25
Chhattisgarh,2019-09-01,60,138,2,0,0,0,0,0,0,200
Delhi,2019-09-01,9,2166,6,0,49,0,0,0,0,2230
Goa,2019-09-01,2,0,0,0,0,0,0,0,0,2
Gujarat,2019-09-01,14,30,1,1,0,0,0,0,0,46
Haryana,2019-09-01,26,456,2,0,0,0,0,0,0,484
Jharkhand,2019-09-01,24,252,3,0,0,0,0,0,0,279
Karnataka,2019-09-01,261,15,14,0,62,0,0,0,0,352
Kerala,2019-09-01,16,13,7,0,0,0,0,0,0,36
Madhya Pradesh,2019-09-01,34,185,0,0,0,0,0,0,33,252
Maharashtra,2019-09-01,333,75,13,18,2,0,0,0,0,441
Manipur,2019-09-01,0,15,0,0,0,0,0,0,0,15
Meghalaya,2019-09-01,5,0,0,0,0,0,0,0,0,5
Odisha,2019-09-01,62,14,0,0,0,0,0,0,0,76
Puducherry,2019-09-01,3,0,0,0,0,0,0,0,0,3
Punjab,2019-09-01,8,17,1,0,0,0,0,0,0,26
Rajasthan,2019-09-01,61,353,0,0,0,0,0,0,0,414
Tamil Nadu,2019-09-01,343,0,4,0,0,0,0,0,0,347
Telangana,2019-09-01,32,9,17,0,0,1,0,0,0,59
Tripura,2019-09-01,2,142,0,0,0,0,0,0,0,144
Uttar Pradesh,2019-09-01,146,4706,3,0,0,0,0,0,0,4855
Uttarakhand,2019-09-01,29,464,0,0,0,0,0,0,0,493
West Bengal,2019-09-01,18,2597,1,14,0,0,0,0,0,2630
Andhra Pradesh,2019-10-01,106,10,0,0,0,0,0,0,1,117
Assam,2019-10-01,5,1192,0,0,0,0,0,0,0,1197
Bihar,2019-10-01,44,1298,0,0,0,0,0,0,0,1342
Chandigarh,2019-10-01,3,25,4,0,0,0,0,0,0,32
Chhattisgarh,2019-10-01,81,126,3,0,0,0,0,0,0,210
Dadra and Nagar Haveli and Daman and Diu,2019-10-01,0,6,0,0,0,0,0,0,0,6
Delhi,2019-10-01,138,2245,13,1,74,0,0,0,0,2471
Goa,2019-10-01,0,1,1,0,0,0,0,0,0,2
Gujarat,2019-10-01,45,19,1,7,0,0,0,0,0,72
Haryana,2019-10-01,22,358,2,0,0,1,0,0,0,383
Jharkhand,2019-10-01,32,133,0,0,3,0,0,0,0,168
Karnataka,2019-10-01,388,13,16,0,23,0,0,0,0,440
Kerala,2019-10-01,7,9,6,0,0,0,0,0,0,22
Madhya Pradesh,2019-10-01,149,174,0,39,0,0,0,1,43,406
Maharashtra,2019-10-01,366,88,14,26,13,0,0,0,0,507
Manipur,2019-10-01,6,24,0,0,0,0,0,0,0,30
Meghalaya,2019-10-01,1,0,0,0,0,0,0,0,0,1
Mizoram,2019-10-01,1,0,0,0,0,0,0,0,0,1
Odisha,2019-10-01,63,32,1,0,0,0,0,0,0,96
Puducherry,2019-10-01,7,0,0,0,0,0,0,0,0,7
Punjab,2019-10-01,11,112,0,0,0,0,0,0,0,123
Rajasthan,2019-10-01,78,511,0,0,0,0,0,0,0,589
Tamil Nadu,2019-10-01,355,0,4,1,0,0,0,0,0,360
Telangana,2019-10-01,30,2,40,0,0,0,0,0,0,72
Tripura,2019-10-01,0,210,0,0,0,0,0,0,0,210
Uttar Pradesh,2019-10-01,189,5078,12,0,0,0,0,0,0,5279
Uttarakhand,2019-10-01,34,418,0,0,0,0,0,0,0,452
West Bengal,2019-10-01,6,1179,3,8,0,0,0,0,0,1196
Andhra Pradesh,2019-11-01,94,25,4,0,0,0,0,0,3,126
Assam,2019-11-01,13,1378,0,0,0,0,0,0,0,1391
Bihar,2019-11-01,73,1510,2,0,0,0,0,0,0,1585
Chandigarh,2019-11-01,3,26,1,0,0,0,0,0,0,30
Chhattisgarh,2019-11-01,89,152,0,0,0,0,0,0,0,241
Dadra and Nagar Haveli and Daman and Diu,2019-11-01,0,1,0,0,0,0,0,0,0,1
Delhi,2019-11-01,123,2595,13,0,31,0,0,0,0,2762
Goa,2019-11-01,7,2,1,0,0,0,0,0,0,10
Gujarat,2019-11-01,54,16,2,0,0,0,0,0,0,72
Haryana,2019-11-01,38,444,3,0,0,0,0,0,0,485
Himachal Pradesh,2019-11-01,0,0,2,20,0,0,0,0,0,22
Jharkhand,2019-11-01,27,187,0,0,5,0,0,0,0,219
Karnataka,2019-11-01,603,33,24,0,65,0,0,0,0,725
Kerala,2019-11-01,28,32,4,0,0,0,0,0,0,64
Madhya Pradesh,2019-11-01,108,229,1,0,0,0,0,0,43,381
Maharashtra,2019-11-01,687,117,14,30,33,0,0,0,0,881
Manipur,2019-11-01,3,16,0,0,0,0,0,0,0,19
Meghalaya,2019-11-01,1,0,0,0,0,0,0,0,0,1
Odisha,2019-11-01,107,31,0,0,0,0,0,0,0,138
Puducherry,2019-11-01,11,0,0,0,0,0,0,0,0,11
Punjab,2019-11-01,15,132,0,0,0,0,0,0,0,147
Rajasthan,2019-11-01,150,591,1,0,1,1,0,0,0,744
Tamil Nadu,2019-11-01,545,0,8,0,0,0,0,0,0,553
Telangana,2019-11-01,43,9,13,0,0,0,0,0,0,65
Tripura,2019-11-01,0,279,2,0,0,0,0,0,0,281
Uttar Pradesh,2019-11-01,314,5371,2,0,0,1,0,0,0,5688
Uttarakhand,2019-11-01,42,498,0,0,0,0,0,0,0,540
West Bengal,2019-11-01,13,1877,1,0,0,0,0,0,0,1891
Andhra Pradesh,2019-12-01,56,19,1,0,0,1,0,0,172,249
Arunachal Pradesh,2019-12-01,1,0,0,0,0,0,0,0,0,1
Assam,2019-12-01,7,936,0,0,0,0,0,0,0,943
Bihar,2019-12-01,50,1537,0,0,0,0,0,0,0,1587
Chandigarh,2019-12-01,1,44,0,0,0,0,0,0,0,45
Chhattisgarh,2019-12-01,41,174,0,0,0,0,0,0,0,215
Dadra and Nagar Haveli and Daman and Diu,2019-12-01,0,3,0,0,0,0,0,0,0,3
Delhi,2019-12-01,166,2060,13,0,38,0,0,0,0,2277
Goa,2019-12-01,5,0,1,0,0,0,0,0,0,6
Gujarat,2019-12-01,22,28,4,30,0,0,0,0,1,85
Haryana,2019-12-01,30,376,4,2,0,0,0,0,0,412
Jharkhand,2019-12-01,8,215,0,0,4,0,0,0,0,227
Karnataka,2019-12-01,667,12,7,0,2,15,0,0,0,703
Kerala,2019-12-01,21,63,7,0,1,0,0,0,0,92
Lakshadweep,2019-12-01,0,0,0,0,0,0,0,0,1,1
Madhya Pradesh,2019-12-01,59,257,0,0,0,0,0,0,28,344
Maharashtra,2019-12-01,379,64,6,19,4,0,0,0,0,472
Manipur,2019-12-01,4,25,0,0,0,0,0,0,0,29
Odisha,2019-12-01,40,35,0,0,0,0,0,0,0,75
Puducherry,2019-12-01,5,0,0,0,0,0,0,0,0,5
Punjab,2019-12-01,11,91,0,0,0,0,0,0,0,102
Rajasthan,2019-12-01,123,550,0,0,0,1,0,0,0,674
Tamil Nadu,2019-12-01,312,0,7,0,0,2,0,0,0,321
Telangana,2019-12-01,74,34,46,0,0,0,0,0,0,154
Tripura,2019-12-01,1,492,0,0,0,0,0,0,0,493
Uttar Pradesh,2019-12-01,188,5543,3,0,0,0,0,0,0,5734
Uttarakhand,2019-12-01,32,505,0,0,1,0,0,0,0,538
West Bengal,2019-12-01,6,1395,2,0,0,0,0,0,0,1403
Andhra Pradesh,2020-01-01,67,11,1,0,0,0,0,0,31,110
Assam,2020-01-01,1,732,0,0,0,0,0,0,0,733
Bihar,2020-01-01,26,1270,1,0,0,0,0,0,0,1297
Chandigarh,2020-01-01,2,31,0,0,0,0,0,0,0,33
Chhattisgarh,2020-01-01,64,152,0,0,0,0,0,0,0,216
Dadra and Nagar Haveli and Daman and Diu,2020-01-01,1,3,1,0,0,0,0,0,0,5
Delhi,2020-01-01,198,2181,19,0,115,0,0,0,0,2513
Goa,2020-01-01,1,1,0,0,0,0,0,0,0,2
Gujarat,2020-01-01,24,60,7,1,0,0,0,0,1,93
Haryana,2020-01-01,10,355,5,0,0,0,0,0,0,370
Jammu and Kashmir,2020-01-01,1,0,0,0,0,0,0,0,0,1
Jharkhand,2020-01-01,17,152,0,0,7,1,0,0,0,177
Karnataka,2020-01-01,1116,37,14,0,40,0,0,0,0,1207
Kerala,2020-01-01,23,70,4,0,0,0,0,0,0,97
Madhya Pradesh,2020-01-01,60,218,0,0,0,0,0,0,29,307
Maharashtra,2020-01-01,516,156,13,8,45,0,0,0,0,738
Manipur,2020-01-01,0,25,0,0,0,0,0,0,0,25
Meghalaya,2020-01-01,1,0,0,0,0,0,0,0,0,1
Odisha,2020-01-01,55,26,0,0,0,0,0,0,0,81
Puducherry,2020-01-01,8,1,0,0,0,0,0,0,0,9
Punjab,2020-01-01,3,145,0,0,2,0,0,0,0,150
Rajasthan,2020-01-01,121,471,1,0,0,0,0,0,0,593
Tamil Nadu,2020-01-01,435,0,8,0,0,0,0,0,0,443
Telangana,2020-01-01,30,39,30,0,0,0,0,0,0,99
Tripura,2020-01-01,1,791,0,0,0,0,0,0,0,792
Uttar Pradesh,2020-01-01,151,5331,1,0,0,0,0,0,0,5483
Uttarakhand,2020-01-01,26,415,2,0,0,0,0,0,0,443
West Bengal,2020-01-01,14,921,2,0,0,0,0,0,0,937
Andaman and Nicobar Islands,2020-02-01,0,0,2,0,1,0,0,0,0,3
Andhra Pradesh,2020-02-01,52,19,1,0,0,2,0,0,42,116
Arunachal Pradesh,2020-02-01,0,0,1,0,0,0,0,0,0,1
Assam,2020-02-01,4,1259,0,0,0,0,0,0,0,1263
Bihar,2020-02-01,32,1491,0,0,0,0,0,0,0,1523
Chandigarh,2020-02-01,2,21,0,0,0,0,0,0,0,23
Chhattisgarh,2020-02-01,52,124,0,0,0,0,0,0,0,176
Delhi,2020-02-01,94,1756,9,0,155,0,0,0,0,2014
Goa,2020-02-01,2,0,1,0,0,0,0,0,0,3
Gujarat,2020-02-01,22,15,14,1,0,0,0,0,1,53
Haryana,2020-02-01,75,303,8,0,47,0,0,0,0,433
Himachal Pradesh,2020-02-01,0,65,0,0,0,0,0,0,0,65
Jharkhand,2020-02-01,12,186,0,0,3,0,0,0,0,201
Karnataka,2020-02-01,620,51,18,0,49,0,0,0,0,738
Kerala,2020-02-01,18,86,2,0,0,0,0,0,0,106
Madhya Pradesh,2020-02-01,59,211,0,0,0,0,0,0,38,308
Maharashtra,2020-02-01,478,138,30,18,130,0,0,0,0,794
Manipur,2020-02-01,5,50,0,0,0,0,0,0,0,55
Meghalaya,2020-02-01,1,0,0,0,0,0,0,0,0,1
Odisha,2020-02-01,44,28,0,0,0,0,0,0,0,72
Puducherry,2020-02-01,3,0,0,0,0,0,0,0,0,3
Punjab,2020-02-01,12,96,1,0,0,0,0,0,0,109
Rajasthan,2020-02-01,91,465,2,0,0,0,0,0,0,558
Tamil Nadu,2020-02-01,525,0,7,0,0,0,0,0,0,532
Telangana,2020-02-01,31,16,22,0,0,0,0,0,0,69
Tripura,2020-02-01,0,522,0,0,0,0,0,0,0,522
Uttar Pradesh,2020-02-01,122,4738,2,0,2,2,0,0,0,4866
Uttarakhand,2020-02-01,22,439,5,0,0,0,0,0,0,466
West Bengal,2020-02-01,7,1562,3,0,0,0,0,0,0,1572
Andhra Pradesh,2020-03-01,82,14,2,0,0,0,0,0,11,109
Arunachal Pradesh,2020-03-01,0,0,2,0,0,0,0,0,0,2
Assam,2020-03-01,4,833,0,0,0,0,0,0,0,837
Bihar,2020-03-01,59,1621,0,0,0,0,0,0,0,1680
Chandigarh,2020-03-01,1,6,0,0,0,0,0,0,0,7
Chhattisgarh,2020-03-01,28,136,0,0,0,0,0,0,0,164
Dadra and Nagar Haveli and Daman and Diu,2020-03-01,1,3,0,0,0,0,0,0,0,4
Delhi,2020-03-01,80,1074,32,0,100,0,0,0,0,1286
Goa,2020-03-01,1,0,1,0,0,0,0,0,0,2
Gujarat,2020-03-01,27,46,42,0,1,0,0,0,0,116
Haryana,2020-03-01,11,285,4,2,1,0,0,0,0,303
Himachal Pradesh,2020-03-01,0,43,0,0,0,0,0,0,0,43
Jammu and Kashmir,2020-03-01,9,0,0,0,0,0,0,0,0,9
Jharkhand,2020-03-01,48,179,2,0,6,1,0,0,0,236
Karnataka,2020-03-01,767,23,46,0,52,2,0,0,0,890
Kerala,2020-03-01,21,68,11,0,5,0,0,0,0,105
Madhya Pradesh,2020-03-01,58,244,0,0,0,0,0,0,29,331
Maharashtra,2020-03-01,667,108,60,5,0,0,0,0,0,840
Manipur,2020-03-01,2,18,0,0,0,0,0,0,0,20
Nagaland,2020-03-01,10,0,0,0,0,0,0,0,0,10
Odisha,2020-03-01,65,21,0,0,0,0,0,0,0,86
Puducherry,2020-03-01,6,0,0,0,0,0,0,0,0,6
Punjab,2020-03-01,6,88,1,0,0,0,0,0,0,95
Rajasthan,2020-03-01,101,302,3,0,0,0,0,0,0,406
Tamil Nadu,2020-03-01,677,0,9,0,0,0,0,0,0,686
Telangana,2020-03-01,67,1,36,0,0,0,0,0,0,104
Tripura,2020-03-01,2,431,0,0,0,0,0,0,0,433
Uttar Pradesh,2020-03-01,130,3263,31,0,0,0,0,0,0,3424
Uttarakhand,2020-03-01,7,176,0,0,0,0,0,0,0,183
West Bengal,2020-03-01,13,1726,3,0,11,0,0,0,0,1753
Andhra Pradesh,2020-04-01,5,0,0,0,0,0,0,0,10,15
Arunachal Pradesh,2020-04-01,0,0,1,0,0,0,0,0,0,1
Assam,2020-04-01,0,2,0,0,0,0,0,0,0,2
Bihar,2020-04-01,0,22,0,0,0,0,0,0,0,22
Chandigarh,2020-04-01,0,23,0,0,0,0,0,0,0,23
Chhattisgarh,2020-04-01,0,4,0,0,0,0,0,0,0,4
Delhi,2020-04-01,5,2,0,0,0,0,0,0,0,7
Gujarat,2020-04-01,1,5,0,0,0,0,0,0,0,6
Haryana,2020-04-01,2,46,0,0,0,0,0,0,0,48
Jammu and Kashmir,2020-04-01,5,0,0,0,0,0,0,0,0,5
Jharkhand,2020-04-01,2,22,0,0,0,0,0,0,0,24
Karnataka,2020-04-01,5,0,0,0,0,0,0,0,0,5
Lakshadweep,2020-04-01,0,1,0,0,0,0,0,0,0,1
Madhya Pradesh,2020-04-01,14,37,0,0,0,0,0,0,7,58
Maharashtra,2020-04-01,9,0,0,0,0,0,0,0,0,9
Manipur,2020-04-01,0,1,0,0,0,0,0,0,0,1
Odisha,2020-04-01,1,0,0,0,0,0,0,0,0,1
Punjab,2020-04-01,1,6,0,0,0,0,0,0,0,7
Rajasthan,2020-04-01,12,11,0,0,0,0,0,0,0,23
Tripura,2020-04-01,0,1,0,0,0,0,0,0,0,1
Uttar Pradesh,2020-04-01,18,308,1,0,1,0,0,0,0,328
Uttarakhand,2020-04-01,3,8,0,0,0,0,0,0,0,11
West Bengal,2020-04-01,2,372,0,0,0,0,0,0,0,374
Andhra Pradesh,2020-05-01,0,0,1,0,0,0,0,0,0,1
Assam,2020-05-01,0,74,0,0,0,0,0,0,0,74
Bihar,2020-05-01,1,46,1,0,0,0,0,0,0,48
Chhattisgarh,2020-05-01,11,9,0,0,0,0,0,0,0,20
Dadra and Nagar Haveli and Daman and Diu,2020-05-01,0,1,1,0,0,0,0,0,0,2
Delhi,2020-05-01,2,88,9,0,21,0,0,0,0,120
Goa,2020-05-01,2,0,0,0,0,0,0,0,0,2
Haryana,2020-05-01,2,18,0,0,0,0,0,0,0,20
Jharkhand,2020-05-01,1,1,0,0,0,0,0,0,0,2
Karnataka,2020-05-01,283,18,29,0,1,0,0,0,0,331
Kerala,2020-05-01,4,14,3,0,0,0,0,0,0,21
Madhya Pradesh,2020-05-01,0,32,0,0,0,0,0,0,0,32
Maharashtra,2020-05-01,129,0,4,0,0,0,0,0,0,133
Odisha,2020-05-01,14,6,0,0,0,0,0,0,0,20
Puducherry,2020-05-01,2,0,0,0,0,0,0,0,0,2
Punjab,2020-05-01,0,0,1,0,0,0,0,0,0,1
Rajasthan,2020-05-01,12,17,2,0,0,0,0,0,0,31
Tamil Nadu,2020-05-01,91,0,7,0,0,0,0,0,0,98
Telangana,2020-05-01,16,0,3,1,0,0,0,0,0,20
Tripura,2020-05-01,0,108,0,0,0,0,0,0,0,108
Uttar Pradesh,2020-05-01,3,159,3,0,0,0,0,0,0,165
Uttarakhand,2020-05-01,1,4,0,0,0,0,0,0,0,5
West Bengal,2020-05-01,0,73,1,0,0,0,0,0,0,74
Andaman and Nicobar Islands,2020-06-01,0,0,10,0,0,0,0,0,0,10
Andhra Pradesh,2020-06-01,64,8,7,0,0,0,0,0,0,79
Assam,2020-06-01,0,547,0,0,0,0,0,0,0,547
Bihar,2020-06-01,33,813,0,0,0,0,0,0,0,846
Chandigarh,2020-06-01,1,11,3,0,0,0,0,0,0,15
Chhattisgarh,2020-06-01,52,82,3,0,0,0,0,0,0,137
Dadra and Nagar Haveli and Daman and Diu,2020-06-01,1,0,1,0,0,0,0,0,0,2
Delhi,2020-06-01,86,376,23,0,41,0,0,0,0,526
Goa,2020-06-01,0,0,1,0,2,0,0,0,0,3
Gujarat,2020-06-01,56,25,22,0,0,0,0,0,0,103
Haryana,2020-06-01,4,124,7,0,0,0,0,0,0,135
Himachal Pradesh,2020-06-01,0,8,0,0,0,0,0,0,0,8
Jammu and Kashmir,2020-06-01,1,0,0,0,0,0,0,0,0,1
Jharkhand,2020-06-01,15,41,1,0,2,0,0,0,0,59
Karnataka,2020-06-01,419,9,63,0,0,0,0,0,0,491
Kerala,2020-06-01,10,27,7,0,0,0,0,0,0,44
Madhya Pradesh,2020-06-01,48,135,0,0,0,0,0,0,16,199
Maharashtra,2020-06-01,212,50,45,0,6,0,0,0,0,313
Odisha,2020-06-01,47,10,0,0,4,0,0,0,0,61
Puducherry,2020-06-01,4,0,0,0,0,0,0,0,0,4
Punjab,2020-06-01,1,39,0,0,0,0,0,0,0,40
Rajasthan,2020-06-01,76,156,11,0,0,0,0,0,0,243
Tamil Nadu,2020-06-01,273,0,13,0,0,0,0,0,0,286
Telangana,2020-06-01,121,0,17,0,0,0,0,0,0,138
Tripura,2020-06-01,1,199,0,0,0,0,0,0,0,200
Uttar Pradesh,2020-06-01,93,1567,18,0,0,0,0,0,0,1678
Uttarakhand,2020-06-01,12,116,0,0,0,0,0,0,0,128
West Bengal,2020-06-01,4,323,6,0,0,0,0,0,0,333
Andaman and Nicobar Islands,2020-07-01,0,0,15,0,0,0,0,0,0,15
Andhra Pradesh,2020-07-01,35,4,2,0,0,0,0,0,57,98
Assam,2020-07-01,2,600,0,0,0,0,0,0,0,602
Bihar,2020-07-01,22,655,1,0,2,0,0,0,0,680
Chandigarh,2020-07-01,0,16,1,0,0,0,0,0,0,17
Chhattisgarh,2020-07-01,40,58,0,0,0,0,0,0,0,98
Dadra and Nagar Haveli and Daman and Diu,2020-07-01,1,0,0,0,0,0,0,0,0,1
Delhi,2020-07-01,100,501,37,0,0,0,0,0,0,638
Goa,2020-07-01,1,0,0,0,0,0,0,0,0,1
Gujarat,2020-07-01,31,19,24,0,2,0,0,0,0,76
Haryana,2020-07-01,15,180,3,0,0,1,0,0,0,199
Himachal Pradesh,2020-07-01,1,4,1,0,0,0,0,0,0,6
Jammu and Kashmir,2020-07-01,5,0,0,0,0,0,0,0,0,5
Jharkhand,2020-07-01,69,137,0,0,1,0,0,0,0,207
Karnataka,2020-07-01,370,10,59,0,1,0,0,0,0,440
Kerala,2020-07-01,8,25,16,0,0,0,0,0,0,49
Madhya Pradesh,2020-07-01,29,136,1,0,0,0,0,0,21,187
Maharashtra,2020-07-01,192,120,94,0,0,0,0,0,0,406
Mizoram,2020-07-01,1,0,0,0,0,0,0,0,0,1
Odisha,2020-07-01,38,16,0,0,0,0,0,0,0,54
Puducherry,2020-07-01,5,0,0,0,0,0,0,0,0,5
Punjab,2020-07-01,4,55,1,0,0,0,0,0,0,60
Rajasthan,2020-07-01,124,314,18,0,0,0,0,0,0,456
Tamil Nadu,2020-07-01,300,0,43,0,0,0,0,0,0,343
Telangana,2020-07-01,63,0,14,0,0,0,0,0,0,77
Tripura,2020-07-01,1,229,0,0,0,0,0,0,0,230
Uttar Pradesh,2020-07-01,77,2040,24,0,0,0,0,0,0,2141
Uttarakhand,2020-07-01,11,143,0,0,0,0,0,0,0,154
West Bengal,2020-07-01,8,611,11,0,1,0,0,0,0,631
Andhra Pradesh,2020-08-01,73,10,3,0,0,0,0,0,110,196
Assam,2020-08-01,0,628,1,0,0,0,0,0,0,629
Bihar,2020-08-01,16,915,7,0,0,0,0,0,0,938
Chandigarh,2020-08-01,1,47,10,0,0,0,0,0,0,58
Chhattisgarh,2020-08-01,33,32,0,0,3,0,0,0,0,68
Delhi,2020-08-01,76,650,13,0,0,0,0,0,0,739
Goa,2020-08-01,1,1,2,0,0,0,0,0,0,4
Gujarat,2020-08-01,93,82,17,0,0,0,0,0,0,192
Haryana,2020-08-01,18,265,2,0,0,0,0,0,0,285
Himachal Pradesh,2020-08-01,0,6,0,0,0,0,0,0,0,6
Jammu and Kashmir,2020-08-01,9,0,0,0,0,0,0,0,0,9
Jharkhand,2020-08-01,14,61,4,0,1,0,0,0,0,80
Karnataka,2020-08-01,557,24,63,0,3,0,0,0,0,647
Kerala,2020-08-01,23,47,39,0,0,0,0,0,0,109
Madhya Pradesh,2020-08-01,70,152,0,0,0,0,0,0,20,242
Maharashtra,2020-08-01,350,44,97,0,0,0,0,0,0,491
Odisha,2020-08-01,40,16,6,0,0,0,0,0,0,62
Puducherry,2020-08-01,4,0,0,0,0,0,0,0,0,4
Punjab,2020-08-01,11,33,0,0,0,0,0,0,0,44
Rajasthan,2020-08-01,114,212,21,0,0,0,0,0,0,347
Tamil Nadu,2020-08-01,487,0,46,0,0,0,0,0,0,533
Telangana,2020-08-01,130,0,25,0,0,0,0,0,0,155
Tripura,2020-08-01,1,204,0,0,0,0,0,0,0,205
Uttar Pradesh,2020-08-01,102,1901,21,0,0,0,0,0,0,2024
Uttarakhand,2020-08-01,17,138,0,0,0,0,0,0,0,155
West Bengal,2020-08-01,8,472,12,0,0,0,0,0,0,492
Andaman and Nicobar Islands,2020-09-01,0,0,1,0,0,0,0,0,0,1
Andhra Pradesh,2020-09-01,102,6,8,0,0,8,0,0,134,258
Assam,2020-09-01,2,581,0,0,0,0,0,0,0,583
Bihar,2020-09-01,59,1502,1,0,0,0,0,0,0,1562
Chandigarh,2020-09-01,3,73,7,0,0,0,0,0,0,83
Chhattisgarh,2020-09-01,81,29,1,0,0,0,0,0,0,111
Dadra and Nagar Haveli and Daman and Diu,2020-09-01,1,0,0,0,0,0,0,0,0,1
Delhi,2020-09-01,32,590,3,0,5,0,0,0,0,630
Goa,2020-09-01,3,0,4,0,0,0,0,0,0,7
Gujarat,2020-09-01,34,27,16,1,2,0,0,0,0,80
Haryana,2020-09-01,19,269,5,0,0,0,0,0,0,293
Himachal Pradesh,2020-09-01,11,10,0,0,0,0,0,0,0,21
Jammu and Kashmir,2020-09-01,6,0,0,0,0,0,0,0,0,6
Jharkhand,2020-09-01,36,90,2,0,0,0,0,0,0,128
Karnataka,2020-09-01,723,4,45,0,5,0,0,0,0,777
Kerala,2020-09-01,60,68,58,0,3,0,0,0,0,189
Madhya Pradesh,2020-09-01,176,196,8,0,0,0,0,0,38,418
Maharashtra,2020-09-01,470,52,86,0,2,0,0,0,0,610
Manipur,2020-09-01,0,1,0,0,0,0,0,0,0,1
Odisha,2020-09-01,98,36,0,0,0,0,0,0,0,134
Puducherry,2020-09-01,12,0,0,0,0,0,0,0,0,12
Punjab,2020-09-01,18,81,0,0,0,0,0,0,0,99
Rajasthan,2020-09-01,291,397,16,0,0,0,0,0,0,704
Tamil Nadu,2020-09-01,644,1,28,0,0,0,0,0,0,673
Telangana,2020-09-01,173,1,25,0,0,0,0,0,0,199
Tripura,2020-09-01,0,191,0,0,0,0,0,0,0,191
Uttar Pradesh,2020-09-01,176,2489,12,0,0,3,0,0,0,2680
Uttarakhand,2020-09-01,24,176,0,0,0,0,0,0,0,200
West Bengal,2020-09-01,8,878,13,0,0,0,0,0,0,899
Andaman and Nicobar Islands,2020-10-01,1,0,2,0,0,0,0,0,0,3
Andhra Pradesh,2020-10-01,131,21,6,0,0,1,0,0,33,192
Assam,2020-10-01,8,998,1,0,0,0,0,0,0,1007
Bihar,2020-10-01,32,1232,3,0,0,0,0,0,0,1267
Chandigarh,2020-10-01,0,36,4,0,0,0,0,0,0,40
Chhattisgarh,2020-10-01,52,69,1,0,0,0,0,0,0,122
Delhi,2020-10-01,49,880,76,0,0,0,0,0,0,1005
Goa,2020-10-01,17,0,2,0,0,0,0,0,0,19
Gujarat,2020-10-01,61,21,26,1,2,0,0,0,1,112
Haryana,2020-10-01,30,197,2,0,0,0,0,0,0,229
Himachal Pradesh,2020-10-01,0,6,0,0,0,0,0,0,0,6
Jammu and Kashmir,2020-10-01,7,0,0,0,0,0,0,0,0,7
Jharkhand,2020-10-01,23,71,4,0,0,0,0,0,0,98
Karnataka,2020-10-01,1151,37,61,0,2,0,0,0,0,1251
Kerala,2020-10-01,49,67,99,0,1,0,0,0,0,216
Lakshadweep,2020-10-01,0,0,6,0,0,0,0,0,0,6
Madhya Pradesh,2020-10-01,86,228,4,0,0,0,0,0,46,364
Maharashtra,2020-10-01,472,132,101,7,1,0,0,0,0,713
Odisha,2020-10-01,59,24,2,0,1,0,0,0,0,86
Puducherry,2020-10-01,11,0,0,0,0,0,0,0,0,11
Punjab,2020-10-01,4,55,2,0,0,0,0,0,0,61
Rajasthan,2020-10-01,154,311,12,0,0,0,0,0,0,477
Tamil Nadu,2020-10-01,459,0,26,0,0,0,0,0,0,485
Telangana,2020-10-01,88,2,13,0,0,0,0,0,0,103
Tripura,2020-10-01,0,258,0,0,0,0,0,0,0,258
Uttar Pradesh,2020-10-01,83,1970,8,0,0,0,0,0,0,2061
Uttarakhand,2020-10-01,6,181,1,0,0,0,0,0,0,188
West Bengal,2020-10-01,12,1153,11,0,0,0,0,0,0,1176
Andaman and Nicobar Islands,2020-11-01,0,0,2,0,0,0,0,0,0,2
Andhra Pradesh,2020-11-01,155,12,5,0,0,0,0,0,7,179
Arunachal Pradesh,2020-11-01,1,0,0,0,0,0,0,0,0,1
Assam,2020-11-01,4,999,3,0,0,0,0,0,0,1006
Bihar,2020-11-01,67,949,3,0,0,0,0,0,0,1019
Chandigarh,2020-11-01,1,33,4,0,0,0,0,0,0,38
Chhattisgarh,2020-11-01,122,109,1,0,0,0,0,0,0,232
Dadra and Nagar Haveli and Daman and Diu,2020-11-01,2,0,0,0,0,0,0,0,0,2
Delhi,2020-11-01,260,1173,120,0,5,0,0,0,0,1558
Goa,2020-11-01,17,0,6,0,1,0,0,0,0,24
Gujarat,2020-11-01,96,17,21,0,0,0,0,0,15,149
Haryana,2020-11-01,39,183,6,0,0,0,0,0,0,228
Himachal Pradesh,2020-11-01,8,11,2,0,0,0,0,0,1,22
Jammu and Kashmir,2020-11-01,18,0,0,0,0,0,0,0,0,18
Jharkhand,2020-11-01,39,114,4,0,0,0,0,0,0,157
Karnataka,2020-11-01,1235,14,70,0,24,0,0,0,0,1343
Kerala,2020-11-01,62,67,92,0,0,0,0,0,0,221
Madhya Pradesh,2020-11-01,85,223,5,0,0,0,0,0,31,344
Maharashtra,2020-11-01,732,106,114,34,0,1,0,0,0,987
Meghalaya,2020-11-01,1,0,0,0,0,0,0,0,0,1
Nagaland,2020-11-01,1,0,0,0,0,0,0,0,0,1
Odisha,2020-11-01,64,59,1,0,4,0,0,0,0,128
Puducherry,2020-11-01,18,1,0,0,0,0,0,0,0,19
Punjab,2020-11-01,54,27,1,0,0,0,0,0,0,82
Rajasthan,2020-11-01,350,384,13,0,0,0,0,0,0,747
Tamil Nadu,2020-11-01,673,0,38,0,0,0,0,0,0,711
Telangana,2020-11-01,138,9,20,1,0,0,0,0,0,168
Tripura,2020-11-01,1,226,0,0,0,0,0,0,0,227
Uttar Pradesh,2020-11-01,54,2664,8,0,0,0,0,0,0,2726
Uttarakhand,2020-11-01,23,191,0,0,0,0,0,0,0,214
West Bengal,2020-11-01,8,977,14,0,2,0,0,0,0,1001
Andaman and Nicobar Islands,2020-12-01,0,0,2,0,0,0,0,0,0,2
Andhra Pradesh,2020-12-01,162,22,18,0,0,2,0,0,96,300
Assam,2020-12-01,15,1057,2,0,0,0,0,0,0,1074
Bihar,2020-12-01,37,1525,3,0,0,0,0,0,0,1565
Chandigarh,2020-12-01,1,25,6,0,0,0,0,0,0,32
Chhattisgarh,2020-12-01,73,68,0,0,0,0,0,0,0,141
Dadra and Nagar Haveli and Daman and Diu,2020-12-01,3,0,0,4,0,0,0,0,0,7
Delhi,2020-12-01,182,1057,102,0,0,0,0,0,0,1341
Goa,2020-12-01,10,0,5,0,0,0,0,0,0,15
Gujarat,2020-12-01,84,21,24,4,9,0,0,0,0,142
Haryana,2020-12-01,49,383,6,0,0,0,0,0,0,438
Himachal Pradesh,2020-12-01,2,2,0,0,0,0,0,0,0,4
Jammu and Kashmir,2020-12-01,13,0,0,0,0,0,0,0,0,13
Jharkhand,2020-12-01,17,130,0,0,0,0,0,0,0,147
Karnataka,2020-12-01,1437,77,48,0,9,0,0,0,0,1571
Kerala,2020-12-01,73,67,79,0,0,0,0,0,0,219
Madhya Pradesh,2020-12-01,243,290,10,0,0,0,0,0,26,569
Maharashtra,2020-12-01,839,151,104,2,0,0,0,0,3,1099
Manipur,2020-12-01,0,2,0,0,0,0,0,0,0,2
Odisha,2020-12-01,85,31,3,0,0,0,0,0,0,119
Puducherry,2020-12-01,13,0,0,0,0,0,0,0,0,13
Punjab,2020-12-01,14,67,1,0,0,1,0,1,0,84
Rajasthan,2020-12-01,522,481,17,0,0,0,0,0,0,1020
Tamil Nadu,2020-12-01,850,1,56,0,0,0,0,0,0,907
Telangana,2020-12-01,158,12,18,0,0,0,0,0,0,188
Tripura,2020-12-01,0,254,0,0,0,0,0,0,0,254
Uttar Pradesh,2020-12-01,186,3504,2,0,0,0,0,0,0,3692
Uttarakhand,2020-12-01,26,215,4,0,2,0,0,0,0,247
West Bengal,2020-12-01,13,814,11,0,0,0,0,0,0,838
Andaman and Nicobar Islands,2021-01-01,0,1,0,14,0,0,0,0,0,15
Andhra Pradesh,2021-01-01,239,13,20,0,0,4,0,0,35,311
Assam,2021-01-01,5,882,0,0,0,0,0,0,0,887
Bihar,2021-01-01,34,1667,4,0,0,0,0,0,0,1705
Chandigarh,2021-01-01,3,21,2,0,0,0,0,0,0,26
Chhattisgarh,2021-01-01,72,94,0,0,0,0,0,0,0,166
Dadra and Nagar Haveli and Daman and Diu,2021-01-01,1,0,0,0,0,0,0,0,0,1
Delhi,2021-01-01,206,1096,107,0,36,0,0,0,0,1445
Goa,2021-01-01,22,0,9,0,0,0,0,0,0,31
Gujarat,2021-01-01,103,56,19,0,0,0,0,0,0,178
Haryana,2021-01-01,44,209,1,0,0,0,0,0,0,254
Himachal Pradesh,2021-01-01,5,0,2,0,0,0,0,0,0,7
Jammu and Kashmir,2021-01-01,12,0,0,0,0,0,0,0,0,12
Jharkhand,2021-01-01,47,119,1,0,0,0,0,0,0,167
Karnataka,2021-01-01,1621,64,74,0,25,0,0,0,0,1784
Kerala,2021-01-01,88,99,82,0,0,0,0,0,0,269
Madhya Pradesh,2021-01-01,152,305,6,0,0,0,0,0,40,503
Maharashtra,2021-01-01,822,129,141,24,6,0,0,0,0,1122
Manipur,2021-01-01,1,1,0,0,0,0,0,0,0,2
Nagaland,2021-01-01,1,0,0,0,0,0,0,0,0,1
Odisha,2021-01-01,102,47,1,0,0,0,0,0,0,150
Puducherry,2021-01-01,13,0,0,0,0,0,0,0,0,13
Punjab,2021-01-01,62,27,0,0,0,0,0,0,0,89
Rajasthan,2021-01-01,416,401,29,0,0,0,0,0,0,846
Tamil Nadu,2021-01-01,1019,1,63,0,0,0,0,0,0,1083
Telangana,2021-01-01,175,18,36,0,0,0,0,0,0,229
Tripura,2021-01-01,1,273,0,0,0,0,0,0,0,274
Uttar Pradesh,2021-01-01,204,4219,5,0,0,0,0,0,0,4428
Uttarakhand,2021-01-01,25,305,3,1,3,0,0,0,0,337
West Bengal,2021-01-01,7,907,10,0,3,0,0,0,0,927
Andaman and Nicobar Islands,2021-02-01,0,0,0,26,0,0,0,0,0,26
Andhra Pradesh,2021-02-01,335,26,13,0,0,3,0,0,70,447
Assam,2021-02-01,10,1066,0,0,0,0,0,0,0,1076
Bihar,2021-02-01,71,1508,4,8,1,0,0,0,0,1592
Chandigarh,2021-02-01,1,13,6,0,0,0,0,0,0,20
Chhattisgarh,2021-02-01,125,112,0,0,0,0,0,0,0,237
Dadra and Nagar Haveli and Daman and Diu,2021-02-01,2,0,0,0,1,0,0,0,0,3
Delhi,2021-02-01,306,1182,108,0,3,0,0,0,0,1599
Goa,2021-02-01,39,0,7,0,0,0,0,0,0,46
Gujarat,2021-02-01,132,71,25,58,0,0,0,0,0,286
Haryana,2021-02-01,56,317,2,0,0,0,0,0,0,375
Himachal Pradesh,2021-02-01,2,1,2,0,0,0,0,0,0,5
Jharkhand,2021-02-01,58,98,2,0,0,0,0,0,0,158
Karnataka,2021-02-01,1550,62,69,2,14,2,0,0,0,1699
Kerala,2021-02-01,148,122,97,0,0,0,0,0,0,367
Madhya Pradesh,2021-02-01,167,278,5,0,5,0,0,0,43,498
Maharashtra,2021-02-01,1014,181,139,88,6,0,0,0,0,1428
Manipur,2021-02-01,0,1,0,0,0,0,0,0,0,1
Odisha,2021-02-01,164,51,2,0,0,0,0,0,0,217
Puducherry,2021-02-01,15,0,0,0,0,0,0,0,0,15
Punjab,2021-02-01,59,37,0,0,0,0,0,0,0,96
Rajasthan,2021-02-01,646,448,20,0,0,0,0,0,0,1114
Tamil Nadu,2021-02-01,1465,1379,51,0,1,0,0,0,0,2896
Telangana,2021-02-01,331,45,61,0,0,0,0,0,0,437
Tripura,2021-02-01,0,219,5,0,0,0,0,0,0,224
Uttar Pradesh,2021-02-01,169,4262,2,0,0,6,0,0,0,4439
Uttarakhand,2021-02-01,41,295,6,4,0,0,0,0,0,346
West Bengal,2021-02-01,10,828,21,0,0,0,0,0,0,859
Andaman and Nicobar Islands,2021-03-01,0,29,2,0,0,0,0,0,0,31
Andhra Pradesh,2021-03-01,886,25,20,0,0,7,0,0,124,1062
Arunachal Pradesh,2021-03-01,2,0,0,0,0,0,0,0,0,2
Assam,2021-03-01,23,1448,1,0,0,0,0,0,0,1472
Bihar,2021-03-01,165,1859,3,18,0,0,0,0,0,2045
Chandigarh,2021-03-01,3,43,10,0,0,0,0,0,0,56
Chhattisgarh,2021-03-01,208,141,0,0,0,0,0,0,0,349
Dadra and Nagar Haveli and Daman and Diu,2021-03-01,2,0,0,0,0,0,0,0,0,2
Delhi,2021-03-01,425,1547,156,1,72,0,0,0,0,2201
Goa,2021-03-01,39,0,17,24,0,0,0,0,0,80
Gujarat,2021-03-01,196,131,32,1,0,0,0,0,0,360
Haryana,2021-03-01,184,339,1,0,0,0,0,0,0,524
Himachal Pradesh,2021-03-01,13,3,0,0,0,0,0,0,0,16
Jammu and Kashmir,2021-03-01,104,0,0,0,0,0,0,0,0,104
Jharkhand,2021-03-01,96,212,2,0,0,1,0,0,0,311
Karnataka,2021-03-01,2430,110,111,0,2,4,0,0,0,2657
Kerala,2021-03-01,254,144,98,0,3,0,0,0,0,499
Madhya Pradesh,2021-03-01,527,358,12,0,2,0,0,0,69,968
Maharashtra,2021-03-01,1633,207,199,51,6,0,0,0,0,2096
Manipur,2021-03-01,4,5,0,0,0,0,0,0,0,9
Odisha,2021-03-01,283,43,1,0,0,0,0,0,0,327
Puducherry,2021-03-01,33,0,1,0,0,0,0,0,0,34
Punjab,2021-03-01,233,55,2,0,0,0,0,0,0,290
Rajasthan,2021-03-01,1585,574,29,0,1,0,0,0,0,2189
Tamil Nadu,2021-03-01,2220,1618,72,0,0,11,0,0,0,3921
Telangana,2021-03-01,691,130,81,0,1,0,0,0,0,903
Tripura,2021-03-01,0,239,0,0,0,0,0,0,0,239
Uttar Pradesh,2021-03-01,325,4899,6,0,0,0,0,0,0,5230
Uttarakhand,2021-03-01,89,345,3,0,0,0,0,0,0,437
West Bengal,2021-03-01,10,567,21,0,1,0,0,0,0,599
Andaman and Nicobar Islands,2021-04-01,0,0,9,0,0,0,0,0,0,9
Andhra Pradesh,2021-04-01,445,29,28,0,0,7,0,0,116,625
Assam,2021-04-01,7,1095,0,0,0,0,0,0,0,1102
Bihar,2021-04-01,47,945,4,0,0,0,0,0,0,996
Chandigarh,2021-04-01,6,34,2,0,0,0,0,0,0,42
Chhattisgarh,2021-04-01,36,35,0,0,0,0,0,0,0,71
Dadra and Nagar Haveli and Daman and Diu,2021-04-01,1,0,0,0,0,0,0,0,0,1
Delhi,2021-04-01,272,784,61,1,0,3,0,0,0,1121
Goa,2021-04-01,36,0,8,4,0,6,0,0,0,54
Gujarat,2021-04-01,98,15,36,37,15,0,0,0,0,201
Haryana,2021-04-01,106,381,2,0,1,0,0,0,0,490
Himachal Pradesh,2021-04-01,9,0,1,0,0,0,0,0,0,10
Jammu and Kashmir,2021-04-01,22,0,0,0,0,0,0,0,0,22
Jharkhand,2021-04-01,80,83,3,0,0,0,0,0,0,166
Karnataka,2021-04-01,1549,137,88,0,2,0,0,0,0,1776
Kerala,2021-04-01,379,123,132,0,0,0,0,0,0,634
Lakshadweep,2021-04-01,0,0,0,0,0,0,0,0,1,1
Madhya Pradesh,2021-04-01,126,76,2,0,0,0,0,0,17,221
Maharashtra,2021-04-01,428,46,94,113,2,0,0,0,0,683
Manipur,2021-04-01,2,18,0,0,0,0,0,0,0,20
Meghalaya,2021-04-01,0,0,1,0,0,0,0,0,0,1
Odisha,2021-04-01,191,43,5,0,0,0,0,0,0,239
Puducherry,2021-04-01,18,0,0,0,0,0,0,0,0,18
Punjab,2021-04-01,9,61,3,0,1,0,0,0,0,74
Rajasthan,2021-04-01,325,232,22,0,0,0,0,0,0,579
Tamil Nadu,2021-04-01,1297,206,75,0,0,431,0,0,0,2009
Telangana,2021-04-01,482,48,83,0,0,0,0,0,0,613
Tripura,2021-04-01,0,247,0,0,0,0,0,0,0,247
Uttar Pradesh,2021-04-01,171,2923,4,0,0,0,0,0,0,3098
Uttarakhand,2021-04-01,34,186,8,0,2,0,0,0,0,230
West Bengal,2021-04-01,9,256,23,0,1,0,0,0,0,289
Andhra Pradesh,2021-05-01,211,3,16,0,0,4,0,0,61,295
Assam,2021-05-01,0,406,0,0,0,0,0,0,0,406
Bihar,2021-05-01,8,221,0,0,0,0,0,0,0,229
Chandigarh,2021-05-01,0,6,1,0,0,0,0,0,0,7
Chhattisgarh,2021-05-01,6,12,0,0,0,0,0,0,0,18
Delhi,2021-05-01,0,2,0,0,0,0,0,0,0,2
Goa,2021-05-01,27,0,4,0,0,0,0,0,0,31
Gujarat,2021-05-01,106,17,30,59,0,0,0,0,0,212
Haryana,2021-05-01,17,39,1,0,0,0,0,0,0,57
Himachal Pradesh,2021-05-01,4,0,1,0,0,0,0,0,0,5
Jammu and Kashmir,2021-05-01,50,0,0,0,0,0,0,0,0,50
Jharkhand,2021-05-01,39,33,1,0,0,0,0,0,0,73
Karnataka,2021-05-01,140,1,2,0,0,0,0,0,0,143
Kerala,2021-05-01,95,32,48,0,0,0,0,0,0,175
Madhya Pradesh,2021-05-01,1,0,0,0,0,0,0,0,0,1
Maharashtra,2021-05-01,189,17,121,25,0,0,0,0,0,352
Meghalaya,2021-05-01,0,0,1,0,0,0,0,0,0,1
Odisha,2021-05-01,28,7,0,0,0,0,0,0,0,35
Puducherry,2021-05-01,3,0,2,0,0,0,0,0,0,5
Punjab,2021-05-01,21,56,0,0,0,0,0,0,0,77
Rajasthan,2021-05-01,33,27,7,0,0,0,0,0,0,67
Tamil Nadu,2021-05-01,237,63,14,0,0,0,0,0,0,314
Telangana,2021-05-01,109,1,20,0,0,0,0,0,0,130
Tripura,2021-05-01,0,162,0,0,0,0,0,0,0,162
Uttar Pradesh,2021-05-01,25,612,3,0,0,1,0,0,0,641
Uttarakhand,2021-05-01,6,34,0,0,0,0,0,0,0,40
West Bengal,2021-05-01,6,197,5,0,1,0,0,0,0,209
Andhra Pradesh,2021-06-01,382,12,39,0,0,8,0,0,137,578
Assam,2021-06-01,6,366,1,0,0,0,0,0,0,373
Bihar,2021-06-01,67,678,4,0,0,0,0,0,0,749
Chandigarh,2021-06-01,2,20,12,0,0,0,0,0,0,34
Chhattisgarh,2021-06-01,138,86,5,0,0,0,0,0,0,229
Dadra and Nagar Haveli and Daman and Diu,2021-06-01,2,0,1,0,0,0,0,0,0,3
Delhi,2021-06-01,205,554,143,24,5,12,0,0,0,943
Goa,2021-06-01,18,0,14,2,0,4,0,0,0,38
Gujarat,2021-06-01,207,33,61,13,0,0,0,0,2,316
Haryana,2021-06-01,74,275,4,0,0,0,0,0,0,353
Himachal Pradesh,2021-06-01,25,0,1,0,0,0,0,0,0,26
Jammu and Kashmir,2021-06-01,87,0,1,0,0,0,0,0,0,88
Jharkhand,2021-06-01,42,104,4,0,0,0,0,0,0,150
Karnataka,2021-06-01,560,63,69,0,3,1,0,0,0,696
Kerala,2021-06-01,184,35,139,0,1,0,0,0,0,359
Madhya Pradesh,2021-06-01,227,256,13,0,0,0,0,0,57,553
Maharashtra,2021-06-01,890,63,184,26,6,0,0,0,0,1169
Odisha,2021-06-01,147,66,2,0,0,0,0,0,0,215
Puducherry,2021-06-01,31,0,0,0,0,0,0,0,0,31
Punjab,2021-06-01,71,64,3,0,0,0,0,0,0,138
Rajasthan,2021-06-01,515,361,30,0,3,0,0,0,0,909
Tamil Nadu,2021-06-01,661,93,42,0,0,200,0,0,0,996
Telangana,2021-06-01,335,13,52,0,0,0,0,0,0,400
Tripura,2021-06-01,1,88,0,0,0,0,0,0,0,89
Uttar Pradesh,2021-06-01,92,2757,3,0,0,0,0,0,0,2852
Uttarakhand,2021-06-01,37,188,7,5,0,0,0,0,0,237
West Bengal,2021-06-01,12,178,18,0,0,0,0,0,0,208
Andaman and Nicobar Islands,2021-07-01,0,0,8,0,0,0,0,0,0,8
Andhra Pradesh,2021-07-01,827,41,38,0,0,8,0,0,180,1094
Assam,2021-07-01,22,922,0,0,0,0,0,0,0,944
Bihar,2021-07-01,189,1631,5,0,0,0,0,0,0,1825
Chandigarh,2021-07-01,11,38,9,0,0,0,0,0,0,58
Chhattisgarh,2021-07-01,253,123,12,0,0,0,0,0,0,388
Dadra and Nagar Haveli and Daman and Diu,2021-07-01,3,0,0,5,0,0,0,0,0,8
Delhi,2021-07-01,819,1456,129,4,2,0,0,0,0,2410
Goa,2021-07-01,64,1,10,0,0,0,0,0,0,75
Gujarat,2021-07-01,358,46,53,15,1,0,0,0,0,473
Haryana,2021-07-01,134,283,6,0,0,0,0,0,0,423
Himachal Pradesh,2021-07-01,18,2,2,0,0,0,0,0,0,22
Jammu and Kashmir,2021-07-01,203,0,1,0,0,0,0,0,0,204
Jharkhand,2021-07-01,108,139,3,0,1,0,0,0,0,251
Karnataka,2021-07-01,3385,285,154,0,33,5,0,0,0,3862
Kerala,2021-07-01,456,80,146,0,3,0,0,0,0,685
Lakshadweep,2021-07-01,0,0,0,0,0,0,0,0,1,1
Madhya Pradesh,2021-07-01,469,277,17,0,0,0,0,0,122,885
Maharashtra,2021-07-01,2101,131,277,23,9,0,0,0,0,2541
Manipur,2021-07-01,0,15,0,0,0,0,0,0,0,15
Meghalaya,2021-07-01,0,1,1,0,0,0,0,0,0,2
Odisha,2021-07-01,324,36,3,0,0,0,0,0,0,363
Puducherry,2021-07-01,38,0,0,0,0,0,0,0,0,38
Punjab,2021-07-01,318,185,3,0,0,0,0,0,0,506
Rajasthan,2021-07-01,1378,777,52,0,0,0,0,0,0,2207
Tamil Nadu,2021-07-01,2801,64,87,0,0,128,0,0,0,3080
Telangana,2021-07-01,760,118,105,0,0,0,0,0,0,983
Tripura,2021-07-01,0,99,0,0,0,0,0,0,0,99
Uttar Pradesh,2021-07-01,303,4470,3,1,5,2,0,0,0,4784
Uttarakhand,2021-07-01,75,261,11,0,0,0,0,0,0,347
West Bengal,2021-07-01,36,500,37,1,0,0,0,0,0,574
Andaman and Nicobar Islands,2021-08-01,0,0,1,0,0,0,0,0,0,1
Andhra Pradesh,2021-08-01,683,37,80,0,0,13,0,0,73,886
Assam,2021-08-01,26,1003,2,0,0,0,0,0,0,1031
Bihar,2021-08-01,191,1699,7,0,0,0,0,0,0,1897
Chandigarh,2021-08-01,19,30,9,0,0,0,0,0,0,58
Chhattisgarh,2021-08-01,238,135,10,0,1,0,0,0,0,384
Dadra and Nagar Haveli and Daman and Diu,2021-08-01,2,0,0,0,0,0,0,0,0,2
Delhi,2021-08-01,995,1456,150,0,7,0,0,0,0,2608
Goa,2021-08-01,22,0,19,0,0,0,0,0,0,41
Gujarat,2021-08-01,584,80,81,12,2,0,0,0,1,760
Haryana,2021-08-01,441,418,3,0,0,0,0,0,0,862
Himachal Pradesh,2021-08-01,32,1,0,0,0,0,0,0,0,33
Jammu and Kashmir,2021-08-01,122,0,0,0,0,0,0,0,0,122
Jharkhand,2021-08-01,137,150,3,0,0,0,0,0,0,290
Karnataka,2021-08-01,3319,202,135,0,1,1,0,0,0,3658
Kerala,2021-08-01,599,95,183,0,0,0,0,0,0,877
Madhya Pradesh,2021-08-01,457,388,23,0,3,0,0,0,93,964
Maharashtra,2021-08-01,2419,153,196,68,1,0,0,0,0,2837
Manipur,2021-08-01,0,38,0,0,0,0,0,0,0,38
Odisha,2021-08-01,484,26,4,0,0,0,0,0,0,514
Puducherry,2021-08-01,34,0,1,0,0,0,0,0,0,35
Punjab,2021-08-01,342,118,4,0,0,0,0,0,0,464
Rajasthan,2021-08-01,1451,547,51,0,3,0,0,0,0,2052
Tamil Nadu,2021-08-01,2745,248,87,0,1,80,0,0,0,3161
Telangana,2021-08-01,737,123,95,0,0,0,0,0,0,955
Tripura,2021-08-01,0,183,0,0,0,1,0,0,0,184
Uttar Pradesh,2021-08-01,531,5147,3,0,0,3,0,0,0,5684
Uttarakhand,2021-08-01,114,407,6,0,0,0,0,0,0,527
West Bengal,2021-08-01,80,750,27,0,1,0,0,0,0,858
Andhra Pradesh,2021-09-01,780,31,42,0,0,10,0,0,59,922
Assam,2021-09-01,37,1474,0,0,0,0,0,0,0,1511
Bihar,2021-09-01,476,1864,4,0,0,0,0,0,0,2344
Chandigarh,2021-09-01,25,27,20,0,0,0,0,0,0,72
Chhattisgarh,2021-09-01,244,175,12,0,0,0,0,0,0,431
Dadra and Nagar Haveli and Daman and Diu,2021-09-01,1,0,0,0,0,0,0,0,0,1
Delhi,2021-09-01,809,1806,146,0,119,0,0,0,0,2880
Goa,2021-09-01,87,0,34,0,0,0,0,0,0,121
Gujarat,2021-09-01,959,62,131,0,0,0,0,0,16,1168
Haryana,2021-09-01,691,566,6,0,1,0,0,0,0,1264
Himachal Pradesh,2021-09-01,33,1,1,0,0,0,0,0,0,35
Jammu and Kashmir,2021-09-01,157,0,1,0,0,0,0,0,0,158
Jharkhand,2021-09-01,149,245,5,0,7,1,0,0,0,407
Karnataka,2021-09-01,3539,319,219,0,8,15,0,0,0,4100
Kerala,2021-09-01,789,101,163,0,1,0,0,0,0,1054
Lakshadweep,2021-09-01,0,0,0,0,0,0,0,0,1,1
Madhya Pradesh,2021-09-01,590,599,23,0,0,0,0,0,86,1298
Maharashtra,2021-09-01,2167,188,147,56,1,0,0,0,0,2559
Manipur,2021-09-01,0,6,0,0,0,0,0,0,0,6
Nagaland,2021-09-01,1,0,0,0,0,0,0,0,0,1
Odisha,2021-09-01,490,47,2,0,0,0,0,0,0,539
Puducherry,2021-09-01,48,3,2,0,0,0,0,0,0,53
Punjab,2021-09-01,487,233,3,0,0,1,0,0,0,724
Rajasthan,2021-09-01,1625,1259,69,0,0,0,0,0,0,2953
Tamil Nadu,2021-09-01,2880,215,107,0,0,12,0,0,0,3214
Telangana,2021-09-01,927,100,91,0,0,0,0,0,0,1118
Tripura,2021-09-01,0,177,0,0,0,0,0,0,0,177
Uttar Pradesh,2021-09-01,730,6556,4,23,0,0,0,1,0,7314
Uttarakhand,2021-09-01,169,466,10,0,0,0,0,0,0,645
West Bengal,2021-09-01,84,544,31,0,3,0,0,0,0,662
Andaman and Nicobar Islands,2021-10-01,0,0,0,0,1,0,0,0,0,1
Andhra Pradesh,2021-10-01,1006,51,40,0,0,17,0,0,33,1147
Assam,2021-10-01,28,1933,0,0,0,0,0,0,0,1961
Bihar,2021-10-01,470,2695,7,0,0,1,0,0,0,3173
Chandigarh,2021-10-01,18,77,12,1,0,0,0,0,0,108
Chhattisgarh,2021-10-01,301,173,10,0,1,0,0,0,0,485
Dadra and Nagar Haveli and Daman and Diu,2021-10-01,1,0,1,0,0,0,0,0,0,2
Delhi,2021-10-01,995,2036,165,0,88,3,0,0,0,3287
Goa,2021-10-01,163,12,28,0,0,0,0,0,0,203
Gujarat,2021-10-01,1460,68,102,22,2,0,0,0,17,1671
Haryana,2021-10-01,505,663,4,0,4,0,0,0,0,1176
Himachal Pradesh,2021-10-01,29,1,1,0,0,0,0,0,0,31
Jammu and Kashmir,2021-10-01,199,0,2,0,0,0,0,0,0,201
Jharkhand,2021-10-01,253,227,5,0,0,0,0,0,0,485
Karnataka,2021-10-01,3709,276,159,5,4,2,0,0,0,4155
Kerala,2021-10-01,833,146,158,0,0,0,0,0,0,1137
Ladakh,2021-10-01,6,0,0,0,0,0,0,0,0,6
Madhya Pradesh,2021-10-01,545,445,20,0,0,0,0,0,80,1090
Maharashtra,2021-10-01,3554,251,295,13,3,0,0,0,0,4116
Manipur,2021-10-01,6,6,0,0,0,0,0,0,0,12
Mizoram,2021-10-01,1,0,0,0,0,0,0,0,0,1
Odisha,2021-10-01,948,74,2,0,0,0,0,0,0,1024
Puducherry,2021-10-01,31,1,0,0,0,0,0,0,0,32
Punjab,2021-10-01,416,125,3,0,2,0,0,3,0,549
Rajasthan,2021-10-01,1602,1220,85,0,1,1,0,0,0,2909
Tamil Nadu,2021-10-01,2530,84,107,0,12,16,0,0,0,2749
Telangana,2021-10-01,966,61,111,0,0,1,0,0,0,1139
Tripura,2021-10-01,0,202,0,0,0,0,0,0,0,202
Uttar Pradesh,2021-10-01,1022,7025,9,43,1,1,0,0,0,8101
Uttarakhand,2021-10-01,129,500,13,0,0,0,0,0,0,642
West Bengal,2021-10-01,67,217,30,0,3,0,0,0,0,317
Andhra Pradesh,2021-11-01,1141,40,37,0,0,37,0,0,40,1295
Assam,2021-11-01,120,1938,0,0,0,0,0,0,0,2058
Bihar,2021-11-01,604,2460,11,0,0,0,0,0,0,3075
Chandigarh,2021-11-01,79,39,16,10,0,0,0,0,0,144
Chhattisgarh,2021-11-01,509,181,14,0,0,0,0,0,0,704
Dadra and Nagar Haveli and Daman and Diu,2021-11-01,1,0,0,0,0,0,0,0,0,1
Delhi,2021-11-01,1269,2074,183,0,2,0,0,0,0,3528
Goa,2021-11-01,178,1,20,0,0,0,0,0,0,199
Gujarat,2021-11-01,1570,63,119,0,2,0,0,0,1,1755
Haryana,2021-11-01,871,598,12,0,1,0,0,0,0,1482
Himachal Pradesh,2021-11-01,61,0,0,0,0,0,0,0,0,61
Jammu and Kashmir,2021-11-01,64,0,0,0,0,0,0,0,0,64
Jharkhand,2021-11-01,370,253,4,0,4,0,0,0,0,631
Karnataka,2021-11-01,3431,308,153,0,0,1,0,0,0,3893
Kerala,2021-11-01,949,134,214,0,0,0,0,0,0,1297
Madhya Pradesh,2021-11-01,940,625,31,0,0,0,0,0,90,1686
Maharashtra,2021-11-01,3684,296,509,3,6,0,0,0,0,4498
Manipur,2021-11-01,3,1,0,0,0,0,0,0,0,4
Meghalaya,2021-11-01,0,1,0,0,0,0,0,0,0,1
Odisha,2021-11-01,843,92,15,0,3,0,0,0,0,953
Puducherry,2021-11-01,47,0,1,0,0,0,0,0,0,48
Punjab,2021-11-01,803,131,2,0,1,0,0,0,0,937
Rajasthan,2021-11-01,2265,1416,75,0,4,10,0,0,0,3770
Tamil Nadu,2021-11-01,2844,65,108,0,0,3,0,0,0,3020
Telangana,2021-11-01,1176,75,98,0,0,0,0,0,0,1349
Tripura,2021-11-01,0,270,0,0,0,0,0,0,0,270
Uttar Pradesh,2021-11-01,1347,7220,10,21,0,2,0,0,0,8600
Uttarakhand,2021-11-01,262,400,12,0,0,0,0,0,0,674
West Bengal,2021-11-01,309,88,55,0,4,0,0,0,0,456
Andaman and Nicobar Islands,2021-12-01,0,0,1,0,0,0,0,0,0,1
Andhra Pradesh,2021-12-01,1005,21,32,0,0,13,0,0,7,1078
Assam,2021-12-01,93,2715,3,0,0,1,0,0,0,2812
Bihar,2021-12-01,467,2979,7,0,0,0,0,0,0,3453
Chandigarh,2021-12-01,30,38,12,29,0,0,0,0,0,109
Chhattisgarh,2021-12-01,500,248,5,0,0,0,0,0,0,753
Dadra and Nagar Haveli and Daman and Diu,2021-12-01,4,0,1,0,0,0,0,0,0,5
Delhi,2021-12-01,1258,2255,185,1,92,1,0,0,0,3792
Goa,2021-12-01,153,0,19,5,0,0,0,0,0,177
Gujarat,2021-12-01,2111,111,143,0,11,0,0,0,9,2385
Haryana,2021-12-01,670,718,8,0,3,1,0,0,0,1400
Himachal Pradesh,2021-12-01,73,2,1,0,0,0,0,0,0,76
Jammu and Kashmir,2021-12-01,110,11,0,0,0,0,0,0,0,121
Jharkhand,2021-12-01,293,356,3,0,0,0,0,0,0,652
Karnataka,2021-12-01,4389,319,137,20,17,1,0,0,0,4883
Kerala,2021-12-01,1107,94,187,0,0,0,0,0,0,1388
Lakshadweep,2021-12-01,0,0,0,0,0,0,0,0,1,1
Madhya Pradesh,2021-12-01,901,720,30,0,0,0,0,0,109,1760
Maharashtra,2021-12-01,4774,277,1384,62,16,1,0,0,0,6514
Manipur,2021-12-01,4,3,0,0,0,0,0,0,0,7
Odisha,2021-12-01,939,91,20,0,0,0,0,0,0,1050
Puducherry,2021-12-01,81,0,2,0,0,0,0,0,0,83
Punjab,2021-12-01,450,243,6,0,0,0,0,0,0,699
Rajasthan,2021-12-01,2120,1673,74,0,0,1,0,0,0,3868
Tamil Nadu,2021-12-01,3236,227,121,0,0,2,0,0,0,3586
Telangana,2021-12-01,1179,74,133,0,0,1,0,0,0,1387
Tripura,2021-12-01,1,266,0,0,0,0,0,0,0,267
Uttar Pradesh,2021-12-01,1371,10030,21,103,0,8,0,0,0,11533
Uttarakhand,2021-12-01,229,595,38,0,0,0,0,0,0,862
West Bengal,2021-12-01,285,126,38,0,1,0,0,0,0,450
Andhra Pradesh,2022-01-01,1698,40,33,0,0,13,0,0,5,1789
Assam,2022-01-01,92,2110,0,0,0,0,0,0,0,2202
Bihar,2022-01-01,409,2610,11,0,0,0,0,0,0,3030
Chandigarh,2022-01-01,19,46,7,0,0,0,0,0,0,72
Chhattisgarh,2022-01-01,595,279,11,0,0,0,0,0,0,885
Dadra and Nagar Haveli and Daman and Diu,2022-01-01,6,0,0,0,0,0,0,0,0,6
Delhi,2022-01-01,1762,1363,148,1,134,0,0,0,0,3408
Goa,2022-01-01,194,0,26,0,0,0,0,0,0,220
Gujarat,2022-01-01,2191,86,102,2,1,0,0,0,0,2382
Haryana,2022-01-01,597,670,12,0,14,0,0,0,0,1293
Himachal Pradesh,2022-01-01,22,1,3,0,0,0,0,0,0,26
Jammu and Kashmir,2022-01-01,76,10,0,2,0,0,0,0,0,88
Jharkhand,2022-01-01,240,347,5,0,0,0,0,0,0,592
Karnataka,2022-01-01,4388,333,185,20,24,0,0,0,0,4950
Kerala,2022-01-01,1400,112,212,0,0,0,0,0,0,1724
Ladakh,2022-01-01,6,0,0,0,0,0,0,0,0,6
Madhya Pradesh,2022-01-01,862,577,25,0,0,0,0,0,74,1538
Maharashtra,2022-01-01,5139,333,253,21,12,0,0,0,0,5758
Manipur,2022-01-01,5,4,0,0,0,0,0,0,0,9
Meghalaya,2022-01-01,0,1,0,0,0,0,0,0,0,1
Odisha,2022-01-01,1333,110,26,0,1,0,0,0,0,1470
Puducherry,2022-01-01,94,0,0,0,0,2,0,0,0,96
Punjab,2022-01-01,552,203,2,0,5,1,0,0,0,763
Rajasthan,2022-01-01,2359,1022,92,0,0,0,0,1,0,3474
Tamil Nadu,2022-01-01,4232,109,121,0,0,7,0,0,0,4469
Telangana,2022-01-01,1449,57,103,0,0,0,0,0,0,1609
Tripura,2022-01-01,5,246,0,0,0,0,0,0,0,251
Uttar Pradesh,2022-01-01,1322,8408,14,82,0,5,0,0,0,9831
Uttarakhand,2022-01-01,185,446,20,0,10,0,0,0,0,661
West Bengal,2022-01-01,370,87,51,0,3,0,0,0,0,511
Andhra Pradesh,2022-02-01,2347,39,48,0,0,9,0,0,5,2448
Assam,2022-02-01,108,2465,3,0,0,0,0,0,0,2576
Bihar,2022-02-01,494,2266,8,0,0,0,0,0,0,2768
Chandigarh,2022-02-01,22,69,11,0,0,0,0,0,0,102
Chhattisgarh,2022-02-01,635,221,16,0,4,0,0,0,0,876
Dadra and Nagar Haveli and Daman and Diu,2022-02-01,4,1,1,0,0,0,0,0,0,6
Delhi,2022-02-01,2384,1851,208,12,92,1,0,0,0,4548
Goa,2022-02-01,267,0,62,0,0,0,0,0,0,329
Gujarat,2022-02-01,2614,87,123,0,5,0,0,0,9,2838
Haryana,2022-02-01,677,554,17,0,11,0,0,0,0,1259
Himachal Pradesh,2022-02-01,57,1,5,0,0,0,0,0,0,63
Jammu and Kashmir,2022-02-01,101,56,7,0,0,0,0,0,0,164
Jharkhand,2022-02-01,338,286,3,0,1,0,0,0,0,628
Karnataka,2022-02-01,5591,372,194,10,8,1,0,0,0,6176
Kerala,2022-02-01,1738,117,327,0,0,0,0,0,0,2182
Madhya Pradesh,2022-02-01,974,527,22,0,0,0,0,0,82,1605
Maharashtra,2022-02-01,6871,355,882,70,22,2,0,0,0,8202
Manipur,2022-02-01,3,9,0,0,0,0,0,0,0,12
Meghalaya,2022-02-01,0,1,1,0,0,0,0,0,0,2
Odisha,2022-02-01,1266,88,27,0,0,0,0,0,0,1381
Puducherry,2022-02-01,117,4,0,0,0,0,0,0,0,121
Punjab,2022-02-01,296,360,4,0,1,0,0,0,0,661
Rajasthan,2022-02-01,2563,1314,116,0,0,0,0,0,0,3993
Tamil Nadu,2022-02-01,4506,212,135,0,0,8,0,0,0,4861
Telangana,2022-02-01,2049,137,116,0,0,0,0,0,0,2302
Tripura,2022-02-01,3,251,0,0,0,0,0,0,0,254
Uttar Pradesh,2022-02-01,1202,7327,22,41,0,3,0,0,0,8595
Uttarakhand,2022-02-01,223,481,24,0,0,0,0,0,0,728
West Bengal,2022-02-01,384,313,45,0,0,0,0,0,0,742
Andaman and Nicobar Islands,2022-03-01,0,0,2,0,0,0,0,0,0,2
Andhra Pradesh,2022-03-01,3220,48,61,0,0,18,0,0,24,3371
Assam,2022-03-01,179,3275,2,0,0,3,0,0,0,3459
Bihar,2022-03-01,1328,3395,12,0,0,0,0,0,0,4735
Chandigarh,2022-03-01,56,105,14,0,0,0,0,0,0,175
Chhattisgarh,2022-03-01,959,326,19,0,0,0,0,0,0,1304
Dadra and Nagar Haveli and Daman and Diu,2022-03-01,5,1,1,0,0,0,0,0,0,7
Delhi,2022-03-01,3490,2276,190,9,29,0,0,0,0,5994
Goa,2022-03-01,235,1,91,0,0,2,0,0,0,329
Gujarat,2022-03-01,4507,118,246,3,3,1,0,0,0,4878
Haryana,2022-03-01,1026,747,12,0,1,0,0,0,0,1786
Himachal Pradesh,2022-03-01,61,1,3,0,0,0,0,0,0,65
Jammu and Kashmir,2022-03-01,227,41,4,0,0,0,0,0,0,272
Jharkhand,2022-03-01,607,342,5,0,0,0,0,0,0,954
Karnataka,2022-03-01,7289,324,211,35,20,1,0,0,0,7880
Kerala,2022-03-01,2880,153,331,0,0,0,0,0,0,3364
Madhya Pradesh,2022-03-01,1580,686,35,2,0,0,0,0,195,2498
Maharashtra,2022-03-01,9686,454,2048,17,12,2,0,0,0,12219
Manipur,2022-03-01,2,4,0,0,0,0,0,0,0,6
Meghalaya,2022-03-01,0,3,0,0,0,0,0,0,0,3
Odisha,2022-03-01,2363,213,30,0,1,0,0,0,0,2607
Puducherry,2022-03-01,181,2,2,0,1,0,0,0,0,186
Punjab,2022-03-01,716,359,4,0,0,1,0,0,0,1080
Rajasthan,2022-03-01,3081,1440,89,0,0,0,0,0,0,4610
Tamil Nadu,2022-03-01,7708,275,168,0,0,13,0,0,0,8164
Telangana,2022-03-01,2592,78,201,0,0,0,0,0,0,2871
Tripura,2022-03-01,18,348,0,0,0,1,0,0,0,367
Uttar Pradesh,2022-03-01,1986,8977,18,11,0,5,0,0,0,10997
Uttarakhand,2022-03-01,435,581,20,1,0,0,0,0,0,1037
West Bengal,2022-03-01,626,116,41,0,0,0,0,0,0,783
Andaman and Nicobar Islands,2022-04-01,0,0,1,0,0,0,0,0,0,1
Andhra Pradesh,2022-04-01,2849,50,58,0,0,40,0,0,5,3002
Assam,2022-04-01,168,3015,2,0,0,2,0,0,0,3187
Bihar,2022-04-01,475,2325,8,0,0,0,0,0,0,2808
Chandigarh,2022-04-01,62,49,12,0,0,0,0,0,0,123
Chhattisgarh,2022-04-01,1397,359,20,0,0,0,0,0,0,1776
Dadra and Nagar Haveli and Daman and Diu,2022-04-01,4,2,1,0,0,1,0,0,0,8
Delhi,2022-04-01,2830,471,233,96,333,0,0,0,0,3963
Goa,2022-04-01,377,0,31,15,0,1,0,0,0,424
Gujarat,2022-04-01,6695,100,174,0,1,0,0,0,0,6970
Haryana,2022-04-01,1216,753,11,0,0,0,0,0,0,1980
Himachal Pradesh,2022-04-01,97,6,4,0,0,0,0,0,0,107
Jammu and Kashmir,2022-04-01,125,72,3,0,0,0,0,0,0,200
Jharkhand,2022-04-01,451,362,4,0,5,0,0,0,0,822
Karnataka,2022-04-01,8818,330,239,0,72,0,0,0,0,9459
Kerala,2022-04-01,2908,196,275,0,0,0,0,0,0,3379
Madhya Pradesh,2022-04-01,1336,520,38,1,0,0,0,0,128,2023
Maharashtra,2022-04-01,7375,452,326,15,27,1,0,0,0,8196
Manipur,2022-04-01,1,1,1,0,0,0,0,0,0,3
Meghalaya,2022-04-01,5,1,1,0,0,0,0,0,0,7
Nagaland,2022-04-01,2,0,0,0,0,0,0,0,0,2
Odisha,2022-04-01,2261,156,23,0,8,0,0,0,0,2448
Puducherry,2022-04-01,82,2,2,0,0,0,0,0,0,86
Punjab,2022-04-01,817,396,3,0,0,2,0,0,0,1218
Rajasthan,2022-04-01,3771,1272,88,0,0,0,0,0,0,5131
Tamil Nadu,2022-04-01,5425,256,154,0,0,9,0,0,0,5844
Telangana,2022-04-01,2755,86,192,0,0,0,0,0,0,3033
Tripura,2022-04-01,20,319,0,0,0,0,0,0,0,339
Uttar Pradesh,2022-04-01,2400,9365,11,38,0,3,0,0,0,11817
Uttarakhand,2022-04-01,602,744,49,0,0,0,0,0,0,1395
West Bengal,2022-04-01,815,56,36,0,4,0,0,0,0,911
Andhra Pradesh,2022-05-01,1650,32,64,0,0,15,0,0,22,1783
Assam,2022-05-01,112,3157,6,0,1,1,0,0,0,3277
Bihar,2022-05-01,458,2838,12,0,0,0,0,0,0,3308
Chandigarh,2022-05-01,44,102,20,0,0,0,0,0,0,166
Chhattisgarh,2022-05-01,834,339,23,0,1,0,0,0,0,1197
Dadra and Nagar Haveli and Daman and Diu,2022-05-01,6,11,1,0,0,0,0,0,0,18
Delhi,2022-05-01,1757,933,202,68,548,0,0,0,0,3508
Goa,2022-05-01,453,2,51,0,0,0,0,0,0,506
Gujarat,2022-05-01,4408,98,163,0,1,0,0,0,0,4670
Haryana,2022-05-01,1181,1068,19,0,12,0,0,0,0,2280
Himachal Pradesh,2022-05-01,73,1,3,0,0,0,0,0,0,77
Jammu and Kashmir,2022-05-01,124,119,2,0,0,0,0,0,0,245
Jharkhand,2022-05-01,431,347,3,0,0,0,0,0,0,781
Karnataka,2022-05-01,5945,283,192,0,50,0,0,0,0,6470
Kerala,2022-05-01,2374,179,253,0,5,0,0,0,0,2811
Madhya Pradesh,2022-05-01,1310,750,43,7,0,0,0,0,193,2303
Maharashtra,2022-05-01,8913,401,751,63,44,1,0,0,0,10173
Manipur,2022-05-01,2,2,0,0,0,0,0,0,0,4
Meghalaya,2022-05-01,0,0,3,0,0,0,0,0,0,3
Mizoram,2022-05-01,1,0,0,0,0,0,0,0,0,1
Nagaland,2022-05-01,1,0,0,0,0,0,0,0,0,1
Odisha,2022-05-01,1716,146,32,2,8,0,0,0,0,1904
Puducherry,2022-05-01,65,2,2,0,0,0,0,0,0,69
Punjab,2022-05-01,492,534,2,0,0,0,0,1,0,1029
Rajasthan,2022-05-01,3701,1673,124,0,0,0,0,0,0,5498
Tamil Nadu,2022-05-01,3627,82,202,0,0,20,0,0,0,3931
Telangana,2022-05-01,2092,86,186,0,0,0,0,0,0,2364
Tripura,2022-05-01,14,280,0,0,0,5,0,0,0,299
Uttar Pradesh,2022-05-01,1694,9971,22,25,4,1,0,0,0,11717
Uttarakhand,2022-05-01,377,706,19,0,3,0,0,0,0,1105
West Bengal,2022-05-01,683,50,73,0,3,0,0,0,0,809
Andhra Pradesh,2022-06-01,1753,45,50,0,0,21,0,0,9,1878
Assam,2022-06-01,101,2988,9,0,0,1,0,0,0,3099
Bihar,2022-06-01,716,3164,16,0,0,2,0,0,0,3898
Chandigarh,2022-06-01,63,141,19,0,0,0,0,0,0,223
Chhattisgarh,2022-06-01,1038,438,29,0,3,0,0,0,0,1508
Dadra and Nagar Haveli and Daman and Diu,2022-06-01,1,0,4,4,0,1,0,0,0,10
Delhi,2022-06-01,2753,1401,213,39,54,0,0,0,0,4460
Goa,2022-06-01,365,2,74,0,0,0,0,0,0,441
Gujarat,2022-06-01,5322,96,336,0,2,1,0,0,9,5766
Haryana,2022-06-01,968,1204,12,0,14,0,0,0,0,2198
Himachal Pradesh,2022-06-01,104,0,2,0,0,1,0,0,0,107
Jammu and Kashmir,2022-06-01,159,145,4,0,0,0,0,0,0,308
Jharkhand,2022-06-01,461,448,17,0,2,0,0,0,0,928
Karnataka,2022-06-01,6801,378,245,2,114,0,0,0,0,7540
Kerala,2022-06-01,2569,226,345,0,0,0,0,0,0,3140
Ladakh,2022-06-01,14,0,0,0,0,0,0,0,0,14
Madhya Pradesh,2022-06-01,1434,891,38,0,4,0,0,0,174,2541
Maharashtra,2022-06-01,7880,536,1012,48,70,1,0,0,0,9547
Manipur,2022-06-01,13,0,0,0,0,0,0,0,0,13
Meghalaya,2022-06-01,2,0,1,0,0,0,0,0,0,3
Mizoram,2022-06-01,2,0,0,0,0,0,0,0,0,2
Odisha,2022-06-01,1693,175,32,3,0,0,0,0,0,1903
Puducherry,2022-06-01,85,1,3,0,6,0,0,0,0,95
Punjab,2022-06-01,514,459,3,0,0,1,0,0,0,977
Rajasthan,2022-06-01,3428,2046,136,0,0,0,0,0,0,5610
Tamil Nadu,2022-06-01,3749,607,199,0,0,37,0,0,0,4592
Telangana,2022-06-01,2124,140,185,0,0,0,0,0,0,2449
Tripura,2022-06-01,21,293,0,0,0,0,0,0,0,314
Uttar Pradesh,2022-06-01,1361,11034,11,40,6,5,0,0,0,12457
Uttarakhand,2022-06-01,374,996,38,0,0,0,0,0,0,1408
West Bengal,2022-06-01,660,135,91,9,1,0,0,0,0,896
Andhra Pradesh,2022-07-01,1928,33,68,0,0,11,0,0,1,2041
Arunachal Pradesh,2022-07-01,0,0,1,0,0,0,0,0,0,1
Assam,2022-07-01,120,3036,11,0,0,0,0,0,0,3167
Bihar,2022-07-01,638,3333,10,0,0,1,0,0,0,3982
Chandigarh,2022-07-01,59,155,21,0,0,0,0,0,0,235
Chhattisgarh,2022-07-01,1309,490,30,0,0,0,0,0,0,1829
Dadra and Nagar Haveli and Daman and Diu,2022-07-01,9,0,0,0,0,0,0,0,0,9
Delhi,2022-07-01,2658,2455,246,46,192,0,0,0,0,5597
Goa,2022-07-01,579,0,107,0,0,3,0,0,0,689
Gujarat,2022-07-01,5593,127,306,22,5,0,0,0,1,6054
Haryana,2022-07-01,710,1195,14,0,121,1,0,0,0,2041
Himachal Pradesh,2022-07-01,92,0,6,0,0,0,0,0,0,98
Jammu and Kashmir,2022-07-01,316,322,9,0,0,0,0,0,0,647
Jharkhand,2022-07-01,589,736,7,0,0,0,0,0,0,1332
Karnataka,2022-07-01,5686,229,267,37,91,0,0,0,0,6310
Kerala,2022-07-01,1965,197,291,25,2,0,0,0,0,2480
Ladakh,2022-07-01,0,0,1,0,0,0,0,0,0,1
Madhya Pradesh,2022-07-01,1722,995,43,0,2,0,0,0,109,2871
Maharashtra,2022-07-01,8445,420,1077,40,20,4,0,0,0,10006
Manipur,2022-07-01,21,5,0,0,0,0,0,0,0,26
Meghalaya,2022-07-01,3,0,2,0,0,0,0,0,0,5
Mizoram,2022-07-01,1,0,0,0,0,0,0,0,0,1
Odisha,2022-07-01,1816,189,26,5,4,0,0,0,0,2040
Puducherry,2022-07-01,71,0,4,0,1,0,0,0,0,76
Punjab,2022-07-01,603,502,7,0,0,3,0,0,0,1115
Rajasthan,2022-07-01,4574,2023,102,0,0,0,0,0,0,6699
Tamil Nadu,2022-07-01,4180,261,176,0,0,13,0,0,0,4630
Telangana,2022-07-01,2083,53,245,0,0,0,0,0,0,2381
Tripura,2022-07-01,2,243,0,0,0,1,0,0,0,246
Uttar Pradesh,2022-07-01,1830,12501,16,26,3,3,0,0,0,14379
Uttarakhand,2022-07-01,404,960,34,5,0,0,0,0,0,1403
West Bengal,2022-07-01,689,88,77,1,16,0,0,0,0,871
Andhra Pradesh,2022-08-01,1903,44,67,0,0,24,0,0,4,2042
Assam,2022-08-01,202,3275,10,0,0,0,0,0,0,3487
Bihar,2022-08-01,849,4613,15,1,0,1,0,0,0,5479
Chandigarh,2022-08-01,59,157,19,5,0,0,0,0,0,240
Chhattisgarh,2022-08-01,1360,465,33,0,2,0,0,0,0,1860
Dadra and Nagar Haveli and Daman and Diu,2022-08-01,6,2,1,5,0,0,0,0,0,14
Delhi,2022-08-01,3259,868,305,21,138,0,0,0,0,4591
Goa,2022-08-01,303,3,44,0,0,4,0,0,0,354
Gujarat,2022-08-01,5060,211,240,56,0,0,0,0,0,5567
Haryana,2022-08-01,915,1313,14,0,149,0,0,0,0,2391
Himachal Pradesh,2022-08-01,59,4,2,0,0,0,0,0,0,65
Jammu and Kashmir,2022-08-01,182,332,3,0,0,0,0,0,0,517
Jharkhand,2022-08-01,561,688,10,0,5,0,0,0,0,1264
Karnataka,2022-08-01,7476,324,278,64,85,1,0,0,0,8228
Kerala,2022-08-01,3070,198,342,0,0,0,0,0,0,3610
Ladakh,2022-08-01,0,0,9,0,0,0,0,0,0,9
Madhya Pradesh,2022-08-01,1930,991,70,1,2,0,0,0,71,3065
Maharashtra,2022-08-01,9723,634,968,10,24,9,0,0,0,11368
Manipur,2022-08-01,8,24,0,0,0,0,0,0,0,32
Meghalaya,2022-08-01,2,0,0,0,0,0,0,0,0,2
Mizoram,2022-08-01,6,0,0,0,0,0,0,0,0,6
Odisha,2022-08-01,2007,166,43,0,0,0,0,0,0,2216
Puducherry,2022-08-01,91,4,4,0,0,0,0,0,0,99
Punjab,2022-08-01,645,416,3,0,0,0,0,0,0,1064
Rajasthan,2022-08-01,4157,2278,130,0,17,0,0,0,0,6582
Tamil Nadu,2022-08-01,5306,343,182,0,0,13,0,0,0,5844
Telangana,2022-08-01,2633,138,217,0,0,0,0,0,0,2988
Tripura,2022-08-01,14,271,0,0,0,0,0,0,0,285
Uttar Pradesh,2022-08-01,1920,14432,14,59,1,1,0,0,0,16427
Uttarakhand,2022-08-01,494,852,33,5,0,0,0,0,0,1384
West Bengal,2022-08-01,662,149,81,0,29,0,0,0,0,921
Andhra Pradesh,2022-09-01,2241,47,65,0,0,27,12,0,3,2395
Assam,2022-09-01,200,4088,11,0,2,0,0,0,0,4301
Bihar,2022-09-01,951,6097,14,0,0,2,0,0,0,7064
Chandigarh,2022-09-01,70,130,26,6,0,0,0,0,0,232
Chhattisgarh,2022-09-01,1190,527,49,0,1,0,0,0,0,1767
Dadra and Nagar Haveli and Daman and Diu,2022-09-01,8,0,1,6,0,0,0,0,0,15
Delhi,2022-09-01,2301,2022,453,18,18,2,0,0,0,4814
Goa,2022-09-01,400,5,42,0,0,0,0,0,0,447
Gujarat,2022-09-01,5334,99,301,39,0,1,0,0,0,5774
Haryana,2022-09-01,848,1355,7,0,42,1,0,0,0,2253
Himachal Pradesh,2022-09-01,67,2,4,0,0,0,0,0,0,73
Jammu and Kashmir,2022-09-01,220,373,4,0,0,0,0,0,0,597
Jharkhand,2022-09-01,498,673,14,0,17,0,0,0,0,1202
Karnataka,2022-09-01,7615,397,338,80,155,0,0,0,0,8585
Kerala,2022-09-01,3101,224,394,0,3,0,0,0,0,3722
Madhya Pradesh,2022-09-01,1900,1225,62,0,0,0,0,0,391,3578
Maharashtra,2022-09-01,10731,614,897,5,41,0,0,0,0,12288
Manipur,2022-09-01,1,14,0,0,0,0,0,0,0,15
Meghalaya,2022-09-01,1,2,2,0,0,0,0,0,0,5
Mizoram,2022-09-01,4,0,0,0,0,0,0,0,0,4
Odisha,2022-09-01,2197,197,39,0,0,0,0,0,0,2433
Puducherry,2022-09-01,114,4,1,0,1,0,0,0,0,120
Punjab,2022-09-01,590,632,4,0,0,2,0,0,0,1228
Rajasthan,2022-09-01,4676,2309,148,0,3,0,0,0,0,7136
Tamil Nadu,2022-09-01,5112,165,218,0,0,15,0,0,0,5510
Telangana,2022-09-01,2905,109,247,0,0,0,0,0,0,3261
Tripura,2022-09-01,17,441,0,0,0,0,0,0,0,458
Uttar Pradesh,2022-09-01,1787,14685,18,48,5,1,0,0,0,16544
Uttarakhand,2022-09-01,386,904,29,2,0,0,0,0,0,1321
West Bengal,2022-09-01,727,179,93,0,30,1,0,0,0,1030
Andhra Pradesh,2022-10-01,2580,59,60,0,0,27,4,0,5,2735
Assam,2022-10-01,194,3193,11,0,0,0,0,0,0,3398
Bihar,2022-10-01,1377,4791,19,0,0,4,0,0,0,6191
Chandigarh,2022-10-01,118,188,16,29,1,0,0,0,0,352
Chhattisgarh,2022-10-01,2471,689,50,0,1,0,0,0,0,3211
Dadra and Nagar Haveli and Daman and Diu,2022-10-01,5,2,2,0,0,0,0,0,0,9
Delhi,2022-10-01,3699,3766,346,56,287,0,0,0,0,8154
Goa,2022-10-01,705,1,41,0,0,1,0,0,0,748
Gujarat,2022-10-01,6635,102,190,7,0,0,0,0,0,6934
Haryana,2022-10-01,1313,1394,23,0,15,1,0,0,0,2746
Himachal Pradesh,2022-10-01,79,1,2,0,0,0,0,0,0,82
Jammu and Kashmir,2022-10-01,257,314,8,0,0,0,0,0,0,579
Jharkhand,2022-10-01,949,691,11,0,11,0,0,0,0,1662
Karnataka,2022-10-01,9708,450,372,64,191,2,0,0,0,10787
Kerala,2022-10-01,3633,245,412,0,10,0,0,0,0,4300
Lakshadweep,2022-10-01,0,0,0,0,0,0,0,0,1,1
Madhya Pradesh,2022-10-01,3617,1056,63,0,0,0,0,0,107,4843
Maharashtra,2022-10-01,16000,724,1113,4,59,0,0,0,0,17900
Manipur,2022-10-01,4,60,0,0,0,0,0,0,0,64
Meghalaya,2022-10-01,5,1,1,0,0,0,0,0,0,7
Mizoram,2022-10-01,3,0,0,0,0,0,0,0,0,3
Odisha,2022-10-01,3695,241,43,0,0,0,0,0,0,3979
Puducherry,2022-10-01,180,0,4,0,0,0,0,0,0,184
Punjab,2022-10-01,707,675,3,0,0,0,0,0,0,1385
Rajasthan,2022-10-01,9456,2138,203,0,1,0,0,0,0,11798
Tamil Nadu,2022-10-01,5529,129,184,0,0,11,0,0,0,5853
Telangana,2022-10-01,2741,121,308,0,0,0,0,0,0,3170
Tripura,2022-10-01,13,351,0,0,0,0,0,0,0,364
Uttar Pradesh,2022-10-01,3003,13763,21,70,0,3,0,0,0,16860
Uttarakhand,2022-10-01,797,808,44,11,6,0,0,0,0,1666
West Bengal,2022-10-01,538,74,69,0,25,0,0,0,0,706
Andaman and Nicobar Islands,2022-11-01,6,0,1,0,0,0,0,0,0,7
Andhra Pradesh,2022-11-01,2760,65,99,0,0,51,0,0,0,2975
Assam,2022-11-01,176,4230,10,0,0,0,0,0,0,4416
Bihar,2022-11-01,1253,4849,6,0,0,3,0,0,0,6111
Chandigarh,2022-11-01,163,192,60,0,1,0,0,0,0,416
Chhattisgarh,2022-11-01,2725,767,30,0,3,1,0,0,0,3526
Dadra and Nagar Haveli and Daman and Diu,2022-11-01,14,1,2,0,0,0,0,0,0,17
Delhi,2022-11-01,3869,1782,349,20,134,0,0,0,0,6154
Goa,2022-11-01,587,17,26,0,0,2,0,0,0,632
Gujarat,2022-11-01,8321,92,374,20,1,0,0,0,0,8808
Haryana,2022-11-01,1369,1548,107,0,26,4,0,0,0,3054
Himachal Pradesh,2022-11-01,134,1,2,0,0,0,0,0,0,137
Jammu and Kashmir,2022-11-01,194,339,0,0,0,0,0,0,0,533
Jharkhand,2022-11-01,953,855,15,0,0,0,0,0,0,1823
Karnataka,2022-11-01,9850,510,491,28,72,1,0,0,0,10952
Kerala,2022-11-01,3699,229,324,15,1,0,0,0,0,4268
Ladakh,2022-11-01,0,0,0,8,0,0,0,0,0,8
Madhya Pradesh,2022-11-01,3426,1650,41,0,13,0,0,0,191,5321
Maharashtra,2022-11-01,13718,652,1038,25,106,0,0,0,0,15539
Manipur,2022-11-01,2,48,0,0,0,0,0,0,0,50
Meghalaya,2022-11-01,3,0,0,0,0,0,0,0,0,3
Mizoram,2022-11-01,8,0,0,0,0,0,0,0,0,8
Odisha,2022-11-01,2997,267,52,0,1,1,0,0,0,3318
Puducherry,2022-11-01,153,0,1,0,8,0,0,0,0,162
Punjab,2022-11-01,1042,906,0,0,0,3,0,2,0,1953
Rajasthan,2022-11-01,7306,2867,101,1,12,0,0,0,0,10287
Tamil Nadu,2022-11-01,7259,136,311,0,0,19,0,0,0,7725
Telangana,2022-11-01,3597,343,340,0,0,0,0,0,4,4284
Tripura,2022-11-01,12,391,0,0,0,0,0,0,0,403
Uttar Pradesh,2022-11-01,2746,16774,7,0,4,0,0,0,0,19531
Uttarakhand,2022-11-01,839,1013,25,0,6,0,0,0,0,1883
West Bengal,2022-11-01,1209,247,85,0,36,1,0,0,0,1578
Andaman and Nicobar Islands,2022-12-01,10,0,0,0,3,0,0,0,0,13
Andhra Pradesh,2022-12-01,2732,46,124,0,0,77,10,0,1,2990
Arunachal Pradesh,2022-12-01,1,0,0,0,0,0,0,0,0,1
Assam,2022-12-01,250,3897,4,0,0,0,0,0,0,4151
Bihar,2022-12-01,987,5385,5,0,0,0,0,0,0,6377
Chandigarh,2022-12-01,123,216,45,0,1,0,0,0,0,385
Chhattisgarh,2022-12-01,1883,702,34,0,6,0,0,0,0,2625
Dadra and Nagar Haveli and Daman and Diu,2022-12-01,20,0,2,0,0,0,0,0,0,22
Delhi,2022-12-01,3826,2433,236,13,556,3,0,0,0,7067
Goa,2022-12-01,528,7,30,2,0,2,0,0,0,569
Gujarat,2022-12-01,7906,150,260,34,0,0,0,0,6,8356
Haryana,2022-12-01,885,1520,159,0,17,2,0,0,0,2583
Himachal Pradesh,2022-12-01,100,0,8,0,0,0,0,0,0,108
Jammu and Kashmir,2022-12-01,150,385,4,0,0,0,0,0,0,539
Jharkhand,2022-12-01,653,1019,10,0,12,0,0,0,0,1694
Karnataka,2022-12-01,7751,349,359,24,79,0,0,0,0,8562
Kerala,2022-12-01,4112,229,293,0,5,0,0,0,0,4639
Ladakh,2022-12-01,0,0,0,2,0,0,0,0,0,2
Madhya Pradesh,2022-12-01,2330,1578,32,9,3,0,0,0,667,4619
Maharashtra,2022-12-01,13075,869,679,18,209,2,0,0,0,14852
Manipur,2022-12-01,63,44,0,0,0,0,0,0,0,107
Meghalaya,2022-12-01,1,0,0,0,0,0,0,0,0,1
Mizoram,2022-12-01,11,0,0,0,0,0,0,0,0,11
Odisha,2022-12-01,2380,304,31,20,11,0,0,0,0,2746
Puducherry,2022-12-01,177,6,2,0,2,0,0,0,0,187
Punjab,2022-12-01,635,941,1,0,0,3,0,0,0,1580
Rajasthan,2022-12-01,5061,2248,104,4,6,0,0,0,0,7423
Tamil Nadu,2022-12-01,4991,116,406,0,0,18,0,0,0,5531
Telangana,2022-12-01,3211,224,395,0,0,0,0,0,0,3830
Tripura,2022-12-01,57,542,0,0,0,0,0,0,0,599
Uttar Pradesh,2022-12-01,2334,11335,7,25,6,1,0,0,0,13708
Uttarakhand,2022-12-01,581,965,24,0,0,0,0,0,0,1570
West Bengal,2022-12-01,1047,280,65,0,0,0,0,0,0,1392
Andhra Pradesh,2023-01-01,2684,41,121,0,1,62,42,0,0,2951
Assam,2023-01-01,142,3345,5,0,0,0,0,0,0,3492
Bihar,2023-01-01,988,4015,19,0,0,0,0,0,0,5022
Chandigarh,2023-01-01,172,237,49,0,1,0,0,0,0,459
Chhattisgarh,2023-01-01,1923,666,53,0,3,0,0,0,0,2645
Dadra and Nagar Haveli and Daman and Diu,2023-01-01,9,1,1,0,0,0,0,0,0,11
Delhi,2023-01-01,3284,1950,296,5,34,5,0,0,0,5574
Goa,2023-01-01,662,2,44,1,0,1,0,0,0,710
Gujarat,2023-01-01,5873,270,209,30,4,0,0,0,0,6386
Haryana,2023-01-01,707,1371,132,0,9,2,0,0,0,2221
Himachal Pradesh,2023-01-01,78,3,5,0,0,0,0,0,0,86
Jammu and Kashmir,2023-01-01,115,238,4,0,0,0,0,0,0,357
Jharkhand,2023-01-01,655,591,20,0,22,0,0,0,0,1288
Karnataka,2023-01-01,9976,416,399,36,159,0,0,0,0,10986
Kerala,2023-01-01,4668,211,333,0,11,0,0,0,0,5223
Ladakh,2023-01-01,1,0,0,0,0,0,0,0,0,1
Lakshadweep,2023-01-01,1,0,0,0,0,0,0,0,0,1
Madhya Pradesh,2023-01-01,2444,1418,70,0,0,0,0,0,169,4101
Maharashtra,2023-01-01,13802,824,706,0,151,4,0,0,0,15487
Manipur,2023-01-01,7,76,3,0,0,0,0,0,0,86
Meghalaya,2023-01-01,4,0,1,0,0,2,0,0,0,7
Mizoram,2023-01-01,10,0,0,0,0,0,0,0,0,10
Odisha,2023-01-01,2533,233,46,5,5,0,0,0,0,2822
Puducherry,2023-01-01,197,3,3,0,0,0,0,0,0,203
Punjab,2023-01-01,590,698,0,0,0,0,0,0,0,1288
Rajasthan,2023-01-01,4624,1635,152,5,3,0,0,0,0,6419
Tamil Nadu,2023-01-01,5506,105,202,0,0,17,0,0,0,5830
Telangana,2023-01-01,3125,209,456,0,0,0,0,0,0,3790
Tripura,2023-01-01,8,338,0,0,0,0,0,0,0,346
Uttar Pradesh,2023-01-01,1952,14804,19,15,8,0,0,0,0,16798
Uttarakhand,2023-01-01,447,633,16,0,0,0,0,0,0,1096
West Bengal,2023-01-01,632,209,64,0,60,2,0,0,0,967
Andhra Pradesh,2023-02-01,2909,194,109,0,8,58,24,0,0,3302
Assam,2023-02-01,190,4010,13,0,0,0,0,0,0,4213
Bihar,2023-02-01,911,4907,46,0,0,0,0,0,0,5864
Chandigarh,2023-02-01,216,132,59,0,0,0,0,0,0,407
Chhattisgarh,2023-02-01,1875,681,73,0,0,1,0,0,0,2630
Dadra and Nagar Haveli and Daman and Diu,2023-02-01,16,0,3,0,0,0,0,0,0,19
Delhi,2023-02-01,2800,1934,454,0,56,25,0,0,0,5269
Goa,2023-02-01,628,6,83,0,0,2,0,0,0,719
Gujarat,2023-02-01,6756,128,269,0,1,0,0,0,0,7154
Haryana,2023-02-01,702,1441,125,0,51,0,0,0,0,2319
Himachal Pradesh,2023-02-01,65,2,22,0,0,0,0,0,0,89
Jammu and Kashmir,2023-02-01,147,355,8,0,0,0,0,0,0,510
Jharkhand,2023-02-01,652,920,33,0,0,0,0,0,0,1605
Karnataka,2023-02-01,10279,347,482,19,133,0,0,0,0,11260
Kerala,2023-02-01,5559,246,658,10,5,0,0,0,0,6478
Madhya Pradesh,2023-02-01,2361,1282,143,0,1,2,0,0,76,3865
Maharashtra,2023-02-01,12071,706,920,26,93,12,0,0,0,13828
Manipur,2023-02-01,14,77,5,0,0,0,0,0,0,96
Meghalaya,2023-02-01,3,0,0,0,0,0,0,0,0,3
Mizoram,2023-02-01,9,0,0,0,0,0,0,0,0,9
Odisha,2023-02-01,2551,257,58,0,2,0,0,0,0,2868
Puducherry,2023-02-01,177,7,3,0,0,0,0,0,0,187
Punjab,2023-02-01,609,611,12,0,6,12,0,0,0,1250
Rajasthan,2023-02-01,4663,1829,283,0,10,0,0,0,0,6785
Tamil Nadu,2023-02-01,6700,174,308,0,0,24,0,0,0,7206
Telangana,2023-02-01,3088,206,433,0,0,1,0,0,0,3728
Tripura,2023-02-01,20,286,0,0,0,0,0,0,0,306
Uttar Pradesh,2023-02-01,1969,14434,58,34,1,4,0,0,0,16500
Uttarakhand,2023-02-01,426,696,23,0,0,0,0,0,0,1145
West Bengal,2023-02-01,814,370,115,9,27,0,0,0,0,1335
Andaman and Nicobar Islands,2023-03-01,1,0,0,0,1,0,0,0,0,2
Andhra Pradesh,2023-03-01,3522,221,168,11,5,0,0,0,0,3927
Assam,2023-03-01,221,4858,18,0,1,0,0,0,0,5098
Bihar,2023-03-01,1303,5152,45,0,2,0,0,0,0,6502
Chandigarh,2023-03-01,358,175,130,0,0,0,0,0,0,663
Chhattisgarh,2023-03-01,2190,853,94,0,2,0,0,0,0,3139
Dadra and Nagar Haveli and Daman and Diu,2023-03-01,5,3,1,0,0,0,0,0,0,9
Delhi,2023-03-01,3780,2608,689,13,845,26,0,0,0,7961
Goa,2023-03-01,839,4,110,0,0,1,0,0,0,954
Gujarat,2023-03-01,7799,198,479,0,21,0,183,0,0,8680
Haryana,2023-03-01,717,1445,281,0,197,3,0,5,0,2648
Himachal Pradesh,2023-03-01,92,3,8,0,0,0,0,0,0,103
Jammu and Kashmir,2023-03-01,198,394,16,0,0,0,0,0,0,608
Jharkhand,2023-03-01,797,824,45,0,7,1,0,0,0,1674
Karnataka,2023-03-01,13075,704,833,52,232,0,0,0,1,14897
Kerala,2023-03-01,6776,349,1101,0,9,0,0,0,0,8235
Madhya Pradesh,2023-03-01,3230,2783,159,0,3,4,0,0,9,6188
Maharashtra,2023-03-01,17079,1027,1252,17,137,0,0,0,0,19512
Manipur,2023-03-01,3,42,0,0,0,0,0,0,0,45
Meghalaya,2023-03-01,1,3,0,0,0,0,0,0,0,4
Mizoram,2023-03-01,10,0,0,0,0,0,0,0,0,10
Odisha,2023-03-01,3269,312,70,0,4,0,0,0,0,3655
Puducherry,2023-03-01,261,5,5,0,0,0,0,0,0,271
Punjab,2023-03-01,806,1104,14,0,0,11,0,0,0,1935
Rajasthan,2023-03-01,6375,2156,433,0,6,0,0,0,0,8970
Tamil Nadu,2023-03-01,8386,377,571,0,0,22,0,0,0,9356
Telangana,2023-03-01,3259,141,528,0,0,1,0,0,0,3929
Tripura,2023-03-01,23,399,5,0,4,0,0,0,0,431
Uttar Pradesh,2023-03-01,3564,18216,421,1,10,1,2,0,0,22215
Uttarakhand,2023-03-01,587,753,47,0,2,0,0,0,0,1389
West Bengal,2023-03-01,1104,383,174,5,177,3,0,0,0,1846
Andaman and Nicobar Islands,2023-04-01,0,0,1,0,0,0,0,0,0,1
Andhra Pradesh,2023-04-01,3528,69,227,0,1,119,4,0,0,3948
Arunachal Pradesh,2023-04-01,0,0,1,0,0,0,0,0,0,1
Assam,2023-04-01,178,3804,10,0,10,0,0,0,0,4002
Bihar,2023-04-01,971,4216,39,0,1,0,0,0,0,5227
Chandigarh,2023-04-01,126,164,60,0,2,0,0,0,0,352
Chhattisgarh,2023-04-01,1561,758,97,0,0,2,0,0,0,2418
Dadra and Nagar Haveli and Daman and Diu,2023-04-01,5,2,1,0,0,0,0,0,0,8
Delhi,2023-04-01,2738,1832,466,10,83,56,0,0,0,5185
Goa,2023-04-01,698,1,57,0,0,0,0,0,0,756
Gujarat,2023-04-01,8268,264,543,16,0,0,46,0,1,9138
Haryana,2023-04-01,802,1479,253,0,110,1,0,0,0,2645
Himachal Pradesh,2023-04-01,96,5,9,0,0,2,0,0,0,112
Jammu and Kashmir,2023-04-01,212,349,4,0,0,0,0,0,0,565
Jharkhand,2023-04-01,682,862,28,0,11,0,0,0,0,1583
Karnataka,2023-04-01,9728,434,583,29,185,2,0,0,0,10961
Kerala,2023-04-01,4664,323,639,0,5,0,0,0,0,5631
Madhya Pradesh,2023-04-01,1965,1366,97,0,5,0,0,0,0,3433
Maharashtra,2023-04-01,12261,1133,950,29,191,34,0,0,0,14598
Manipur,2023-04-01,15,54,0,0,0,0,0,0,0,69
Meghalaya,2023-04-01,3,0,2,0,0,0,0,0,0,5
Mizoram,2023-04-01,8,0,0,0,0,0,0,0,0,8
Nagaland,2023-04-01,0,0,1,0,0,0,0,0,0,1
Odisha,2023-04-01,2847,264,84,0,0,0,0,0,0,3195
Puducherry,2023-04-01,157,2,4,0,0,0,0,0,0,163
Punjab,2023-04-01,376,783,22,0,1,6,0,0,0,1188
Rajasthan,2023-04-01,3913,1514,291,0,0,0,0,0,0,5718
Tamil Nadu,2023-04-01,6509,489,399,0,0,31,0,0,0,7428
Telangana,2023-04-01,3369,193,697,1,0,0,12,0,0,4272
Tripura,2023-04-01,19,412,1,0,0,0,0,0,0,432
Uttar Pradesh,2023-04-01,3102,16258,362,0,6,1,1,0,0,19730
Uttarakhand,2023-04-01,524,751,45,0,2,0,0,0,0,1322
West Bengal,2023-04-01,918,463,142,0,10,0,0,0,0,1533
Andhra Pradesh,2023-05-01,4389,73,211,0,4,61,6,0,11,4755
Arunachal Pradesh,2023-05-01,1,0,0,0,0,0,0,0,0,1
Assam,2023-05-01,282,5500,29,0,1,0,0,0,0,5812
Bihar,2023-05-01,1539,5087,46,0,0,0,0,0,0,6672
Chandigarh,2023-05-01,209,238,83,0,0,0,0,0,0,530
Chhattisgarh,2023-05-01,2519,864,189,0,3,0,0,0,0,3575
Dadra and Nagar Haveli and Daman and Diu,2023-05-01,4,3,3,0,1,1,0,0,0,12
Delhi,2023-05-01,4976,1736,487,97,304,30,0,0,0,7630
Goa,2023-05-01,874,4,86,26,0,1,0,0,0,991
Gujarat,2023-05-01,9607,237,712,6,3,0,0,0,0,10565
Haryana,2023-05-01,1054,1811,192,0,18,1,0,0,0,3076
Himachal Pradesh,2023-05-01,118,2,21,15,0,0,0,0,0,156
Jammu and Kashmir,2023-05-01,258,627,14,0,0,0,0,0,0,899
Jharkhand,2023-05-01,839,715,34,0,3,0,0,0,0,1591
Karnataka,2023-05-01,17376,481,738,9,279,6,0,0,0,18889
Kerala,2023-05-01,7394,296,966,0,8,0,0,0,0,8664
Ladakh,2023-05-01,14,0,0,0,0,0,0,0,0,14
Madhya Pradesh,2023-05-01,3970,2244,142,9,4,0,0,0,0,6369
Maharashtra,2023-05-01,20586,899,1020,105,118,84,0,0,0,22812
Manipur,2023-05-01,10,10,4,0,0,0,0,0,0,24
Meghalaya,2023-05-01,7,1,2,0,0,0,0,0,0,10
Mizoram,2023-05-01,14,0,0,0,0,0,0,0,0,14
Odisha,2023-05-01,3727,407,102,7,3,1,0,0,0,4247
Puducherry,2023-05-01,382,12,6,0,0,0,0,0,0,400
Punjab,2023-05-01,1180,1494,62,0,1,3,0,0,0,2740
Rajasthan,2023-05-01,6909,2358,413,0,7,0,0,0,0,9687
Tamil Nadu,2023-05-01,10330,573,530,0,0,31,0,0,0,11464
Telangana,2023-05-01,5794,130,771,16,0,0,2,0,0,6713
Tripura,2023-05-01,65,522,2,0,0,0,0,0,0,589
Uttar Pradesh,2023-05-01,4740,17023,471,0,10,6,0,0,0,22250
Uttarakhand,2023-05-01,683,937,58,0,3,0,0,0,0,1681
West Bengal,2023-05-01,1508,480,224,0,99,2,0,0,0,2313
Andaman and Nicobar Islands,2023-06-01,0,0,1,0,0,0,0,0,0,1
Andhra Pradesh,2023-06-01,1006,37,156,0,2,36,4,0,2,1243
Assam,2023-06-01,177,4896,16,0,12,0,0,0,0,5101
Bihar,2023-06-01,520,5561,57,0,0,2,0,0,0,6140
Chandigarh,2023-06-01,136,237,84,0,1,2,0,0,0,460
Chhattisgarh,2023-06-01,1260,936,147,0,4,0,0,0,0,2347
Dadra and Nagar Haveli and Daman and Diu,2023-06-01,5,0,1,0,0,0,0,0,0,6
Delhi,2023-06-01,1790,1999,525,159,416,19,0,0,0,4908
Goa,2023-06-01,534,4,75,0,0,1,0,0,0,614
Gujarat,2023-06-01,4019,259,694,1,7,2,0,0,0,4982
Haryana,2023-06-01,408,1788,180,0,82,1,1,0,0,2460
Himachal Pradesh,2023-06-01,59,0,20,0,0,1,0,0,0,80
Jammu and Kashmir,2023-06-01,166,655,23,0,0,0,0,0,0,844
Jharkhand,2023-06-01,390,1103,34,0,14,0,0,0,0,1541
Karnataka,2023-06-01,7850,389,980,0,186,52,0,0,0,9457
Kerala,2023-06-01,4034,240,917,0,7,1,0,0,0,5199
Ladakh,2023-06-01,2,1,0,0,0,0,0,0,0,3
Madhya Pradesh,2023-06-01,1709,2569,129,3,3,0,0,0,7,4420
Maharashtra,2023-06-01,8454,845,1159,28,202,31,0,0,0,10719
Manipur,2023-06-01,4,0,0,0,0,0,0,0,0,4
Meghalaya,2023-06-01,1,4,2,0,0,0,0,0,0,7
Mizoram,2023-06-01,4,0,0,0,0,0,0,0,0,4
Odisha,2023-06-01,2131,410,86,8,3,3,0,0,0,2641
Puducherry,2023-06-01,140,5,3,0,6,0,0,0,0,154
Punjab,2023-06-01,534,1500,74,0,2,3,0,3,0,2116
Rajasthan,2023-06-01,3262,2577,371,1,9,4,1,0,0,6225
Tamil Nadu,2023-06-01,4719,852,571,0,0,22,0,0,0,6164
Telangana,2023-06-01,1821,137,849,8,0,2,0,0,3,2820
Tripura,2023-06-01,8,495,2,0,0,0,0,0,0,505
Uttar Pradesh,2023-06-01,1969,18994,417,0,0,16,0,0,0,21396
Uttarakhand,2023-06-01,324,1111,43,0,0,0,0,0,0,1478
West Bengal,2023-06-01,463,585,192,0,55,33,0,0,0,1328
Andaman and Nicobar Islands,2023-07-01,0,0,3,0,0,0,0,0,0,3
Andhra Pradesh,2023-07-01,1365,44,159,0,0,20,9,0,0,1597
Arunachal Pradesh,2023-07-01,0,0,2,0,0,0,0,0,0,2
Assam,2023-07-01,168,5133,22,0,1,2,0,0,0,5326
Bihar,2023-07-01,614,6933,55,0,3,2,0,0,0,7607
Chandigarh,2023-07-01,134,255,78,0,1,3,0,0,0,471
Chhattisgarh,2023-07-01,1602,1061,124,0,0,0,0,0,0,2787
Dadra and Nagar Haveli and Daman and Diu,2023-07-01,5,0,4,0,0,0,0,0,0,9
Delhi,2023-07-01,2072,1878,419,70,434,42,0,0,0,4915
Goa,2023-07-01,562,6,84,0,0,1,0,0,0,653
Gujarat,2023-07-01,5300,293,688,0,4,13,0,0,0,6298
Haryana,2023-07-01,152,1922,49,0,43,5,9,0,0,2180
Himachal Pradesh,2023-07-01,40,0,13,20,0,1,0,0,0,74
Jammu and Kashmir,2023-07-01,117,752,14,2,0,0,0,0,0,885
Jharkhand,2023-07-01,448,1433,26,0,8,2,0,0,0,1917
Karnataka,2023-07-01,9785,555,1078,10,187,37,0,0,0,11652
Kerala,2023-07-01,3980,285,1015,0,6,5,0,0,0,5291
Ladakh,2023-07-01,1,0,0,0,0,0,0,0,0,1
Madhya Pradesh,2023-07-01,2017,3276,160,3,5,2,0,0,0,5463
Maharashtra,2023-07-01,9867,1179,989,30,118,29,0,0,0,12212
Manipur,2023-07-01,6,0,5,0,1,0,0,0,0,12
Meghalaya,2023-07-01,20,0,3,0,0,0,0,0,0,23
Mizoram,2023-07-01,6,0,0,0,0,0,0,0,0,6
Nagaland,2023-07-01,1,0,1,0,0,0,0,0,0,2
Odisha,2023-07-01,2805,418,134,0,0,4,0,0,0,3361
Puducherry,2023-07-01,189,14,6,0,1,0,0,0,0,210
Punjab,2023-07-01,445,1426,92,0,1,7,0,0,0,1971
Rajasthan,2023-07-01,3762,2929,398,0,6,8,1,0,0,7104
Tamil Nadu,2023-07-01,5839,756,630,0,0,24,0,0,0,7249
Telangana,2023-07-01,2685,199,755,8,0,6,0,0,0,3653
Tripura,2023-07-01,6,598,2,0,0,0,0,0,0,606
Uttar Pradesh,2023-07-01,2372,21023,452,0,11,9,0,0,0,23867
Uttarakhand,2023-07-01,407,963,53,0,0,0,0,0,0,1423
West Bengal,2023-07-01,509,618,160,0,19,9,0,0,0,1315
Andaman and Nicobar Islands,2023-08-01,0,0,2,0,1,0,0,0,0,3
Andhra Pradesh,2023-08-01,1570,298,104,0,1,20,2,0,0,1995
Arunachal Pradesh,2023-08-01,0,0,4,0,0,0,0,0,0,4
Assam,2023-08-01,147,5420,15,0,12,2,0,0,0,5596
Bihar,2023-08-01,713,7037,53,0,1,3,0,0,0,7807
Chandigarh,2023-08-01,126,314,87,0,0,1,0,0,0,528
Chhattisgarh,2023-08-01,2112,1068,155,0,1,2,0,0,0,3338
Dadra and Nagar Haveli and Daman and Diu,2023-08-01,6,3,1,0,0,0,0,0,0,10
Delhi,2023-08-01,2124,2249,417,88,33,27,0,0,0,4938
Goa,2023-08-01,694,5,98,12,0,0,0,0,0,809
Gujarat,2023-08-01,5756,323,505,25,9,12,0,0,0,6630
Haryana,2023-08-01,399,1861,139,0,50,14,7,0,0,2470
Himachal Pradesh,2023-08-01,64,1,10,0,1,3,0,0,0,79
Jammu and Kashmir,2023-08-01,98,822,17,22,0,0,0,0,0,959
Jharkhand,2023-08-01,456,1147,45,0,8,1,0,0,0,1657
Karnataka,2023-08-01,9829,371,902,0,315,26,1,0,0,11444
Kerala,2023-08-01,4827,372,819,57,9,13,0,0,0,6097
Lakshadweep,2023-08-01,1,0,0,0,0,0,0,0,0,1
Madhya Pradesh,2023-08-01,3962,3096,137,0,3,2,0,0,0,7200
Maharashtra,2023-08-01,12046,1148,891,46,182,56,0,0,0,14369
Manipur,2023-08-01,8,8,6,0,0,0,0,0,0,22
Meghalaya,2023-08-01,15,4,3,0,0,0,0,0,0,22
Mizoram,2023-08-01,4,0,0,0,0,0,0,0,0,4
Odisha,2023-08-01,2737,425,140,0,6,10,0,0,0,3318
Puducherry,2023-08-01,197,18,10,0,4,0,0,0,0,229
Punjab,2023-08-01,642,1686,75,0,1,5,0,0,0,2409
Rajasthan,2023-08-01,4313,3018,392,0,4,17,2,0,0,7746
Tamil Nadu,2023-08-01,6246,499,541,19,50,42,0,0,0,7397
Telangana,2023-08-01,3111,228,511,0,0,19,0,0,0,3869
Tripura,2023-08-01,33,627,2,0,0,0,0,0,0,662
Uttar Pradesh,2023-08-01,2749,23117,500,0,12,17,0,0,0,26395
Uttarakhand,2023-08-01,364,1064,50,0,0,0,0,0,0,1478
West Bengal,2023-08-01,511,758,168,0,10,7,0,0,0,1454
Andaman and Nicobar Islands,2023-09-01,0,0,0,0,1,0,0,0,0,1
Andhra Pradesh,2023-09-01,1388,95,59,0,0,11,0,0,0,1553
Arunachal Pradesh,2023-09-01,0,0,4,0,0,0,0,0,0,4
Assam,2023-09-01,257,6301,21,0,2,6,0,0,0,6587
Bihar,2023-09-01,902,8424,60,0,4,3,0,0,0,9393
Chandigarh,2023-09-01,135,385,58,0,0,3,0,0,0,581
Chhattisgarh,2023-09-01,2198,1010,133,0,2,3,0,0,0,3346
Dadra and Nagar Haveli and Daman and Diu,2023-09-01,12,2,6,0,0,0,0,0,0,20
Delhi,2023-09-01,2007,2325,364,108,26,10,0,0,0,4840
Goa,2023-09-01,563,0,69,0,0,0,0,0,0,632
Gujarat,2023-09-01,7210,260,636,28,0,8,35,0,0,8177
Haryana,2023-09-01,321,1651,74,0,18,3,0,0,0,2067
Himachal Pradesh,2023-09-01,68,1,9,0,0,1,0,0,0,79
Jammu and Kashmir,2023-09-01,113,758,10,64,0,0,0,0,0,945
Jharkhand,2023-09-01,524,1368,17,0,5,3,0,0,0,1917
Karnataka,2023-09-01,10709,444,708,8,279,19,2,0,0,12169
Kerala,2023-09-01,4475,385,849,0,5,12,0,0,0,5726
Ladakh,2023-09-01,0,0,0,9,0,0,0,0,0,9
Madhya Pradesh,2023-09-01,3345,2604,145,0,6,7,0,0,0,6107
Maharashtra,2023-09-01,12465,739,833,36,40,48,0,0,0,14161
Manipur,2023-09-01,0,2,0,0,0,0,0,0,0,2
Meghalaya,2023-09-01,11,0,3,0,0,0,0,0,0,14
Mizoram,2023-09-01,6,0,0,0,0,0,0,0,0,6
Nagaland,2023-09-01,1,0,0,0,0,0,0,0,0,1
Odisha,2023-09-01,3049,450,99,1,2,9,0,0,0,3610
Puducherry,2023-09-01,136,7,10,0,0,3,0,0,0,156
Punjab,2023-09-01,676,1822,83,0,3,16,0,0,0,2600
Rajasthan,2023-09-01,4336,3001,351,0,24,16,0,0,0,7728
Tamil Nadu,2023-09-01,5177,483,440,4,103,41,1,0,0,6249
Telangana,2023-09-01,2941,100,441,28,0,7,5,0,0,3522
Tripura,2023-09-01,17,517,3,0,0,1,0,0,0,538
Uttar Pradesh,2023-09-01,3189,22638,519,0,15,16,0,0,0,26377
Uttarakhand,2023-09-01,262,956,30,0,0,0,0,0,0,1248
West Bengal,2023-09-01,489,822,156,0,62,25,0,0,0,1554
Andaman and Nicobar Islands,2023-10-01,1,0,1,0,0,0,0,0,0,2
Andhra Pradesh,2023-10-01,1759,241,68,0,0,11,0,0,0,2079
Arunachal Pradesh,2023-10-01,0,0,2,0,0,0,0,0,0,2
Assam,2023-10-01,245,5876,23,0,1,3,0,0,0,6148
Bihar,2023-10-01,823,8841,59,0,0,2,0,0,0,9725
Chandigarh,2023-10-01,157,366,81,0,0,0,0,0,0,604
Chhattisgarh,2023-10-01,2229,1099,129,0,1,7,0,0,0,3465
Dadra and Nagar Haveli and Daman and Diu,2023-10-01,4,1,12,0,0,0,0,0,0,17
Delhi,2023-10-01,2621,2706,406,138,127,31,0,0,0,6029
Goa,2023-10-01,567,1,87,0,0,5,0,0,0,660
Gujarat,2023-10-01,8417,232,670,0,2,33,0,0,0,9354
Haryana,2023-10-01,591,1900,134,0,86,3,0,0,0,2714
Himachal Pradesh,2023-10-01,53,2,7,0,0,0,0,0,0,62
Jammu and Kashmir,2023-10-01,138,857,11,36,0,0,0,0,0,1042
Jharkhand,2023-10-01,506,1318,33,0,0,1,0,0,0,1858
Karnataka,2023-10-01,11297,434,747,0,467,36,0,0,0,12981
Kerala,2023-10-01,5087,392,773,3,2,9,0,0,0,6266
Lakshadweep,2023-10-01,0,0,0,0,0,0,0,0,1,1
Madhya Pradesh,2023-10-01,3359,2755,152,3,0,7,0,0,0,6276
Maharashtra,2023-10-01,15783,1149,1132,52,281,48,2,0,0,18447
Manipur,2023-10-01,6,4,2,0,0,0,0,0,0,12
Meghalaya,2023-10-01,1,2,1,0,0,0,0,0,0,4
Mizoram,2023-10-01,36,0,0,0,0,0,0,0,0,36
Odisha,2023-10-01,3972,616,124,0,6,20,2,0,0,4740
Puducherry,2023-10-01,197,3,7,0,0,0,0,0,0,207
Punjab,2023-10-01,760,1935,93,0,1,13,0,0,0,2802
Rajasthan,2023-10-01,4914,2782,458,0,6,18,0,0,0,8178
Tamil Nadu,2023-10-01,6507,320,492,7,64,54,0,0,0,7444
Telangana,2023-10-01,3061,164,403,0,1,24,0,0,6,3659
Tripura,2023-10-01,6,554,3,0,0,0,0,0,0,563
Uttar Pradesh,2023-10-01,3816,20853,546,0,8,11,0,0,0,25234
Uttarakhand,2023-10-01,383,876,33,0,1,1,0,0,0,1294
West Bengal,2023-10-01,851,877,134,0,104,28,0,0,0,1994
Andaman and Nicobar Islands,2023-11-01,3,0,1,0,0,0,0,0,0,4
Andhra Pradesh,2023-11-01,2000,214,98,0,1,5,15,0,0,2333
Arunachal Pradesh,2023-11-01,0,0,3,0,0,0,0,0,0,3
Assam,2023-11-01,244,4528,26,40,0,3,0,0,0,4841
Bihar,2023-11-01,1766,7133,52,0,0,1,0,0,0,8952
Chandigarh,2023-11-01,243,325,107,0,3,0,0,0,0,678
Chhattisgarh,2023-11-01,3942,1335,173,0,0,2,0,0,0,5452
Dadra and Nagar Haveli and Daman and Diu,2023-11-01,15,0,2,0,1,0,0,0,0,18
Delhi,2023-11-01,3996,2229,562,85,3,33,0,0,0,6908
Goa,2023-11-01,984,9,98,0,0,4,0,0,0,1095
Gujarat,2023-11-01,5424,248,589,0,5,20,0,0,0,6286
Haryana,2023-11-01,565,1620,156,0,59,6,0,0,0,2406
Himachal Pradesh,2023-11-01,53,11,13,0,2,2,0,0,0,81
Jammu and Kashmir,2023-11-01,174,931,23,20,0,0,0,0,0,1148
Jharkhand,2023-11-01,830,1476,42,0,0,8,0,0,0,2356
Karnataka,2023-11-01,14560,355,807,63,62,25,0,0,0,15872
Kerala,2023-11-01,5419,466,780,0,11,7,0,0,0,6683
Madhya Pradesh,2023-11-01,4990,2986,176,0,0,16,0,0,0,8168
Maharashtra,2023-11-01,19088,932,1243,44,81,51,4,0,0,21443
Manipur,2023-11-01,10,1,2,0,0,0,0,0,0,13
Meghalaya,2023-11-01,6,3,2,0,0,0,0,0,0,11
Mizoram,2023-11-01,35,0,0,0,0,0,0,0,0,35
Nagaland,2023-11-01,1,0,1,0,0,0,0,0,0,2
Odisha,2023-11-01,4345,537,169,0,8,10,0,0,0,5069
Puducherry,2023-11-01,194,6,11,0,0,0,0,0,0,211
Punjab,2023-11-01,1184,1648,128,0,1,4,0,0,0,2965
Rajasthan,2023-11-01,7741,3047,533,0,6,16,0,0,0,11343
Tamil Nadu,2023-11-01,7096,354,544,16,55,38,0,0,0,8103
Telangana,2023-11-01,4119,151,375,0,0,10,0,0,0,4655
Tripura,2023-11-01,11,759,2,0,0,0,0,0,0,772
Uttar Pradesh,2023-11-01,5424,21121,515,0,14,10,0,0,0,27084
Uttarakhand,2023-11-01,627,983,47,0,0,0,0,0,0,1657
West Bengal,2023-11-01,1007,667,191,0,99,16,0,0,0,1980
Andaman and Nicobar Islands,2023-12-01,7,0,1,0,1,0,0,0,0,9
Andhra Pradesh,2023-12-01,2373,226,130,0,1,6,0,0,0,2736
Arunachal Pradesh,2023-12-01,2,0,2,0,0,0,0,0,0,4
Assam,2023-12-01,204,4230,22,118,8,0,0,0,0,4582
Bihar,2023-12-01,1355,7882,60,0,0,1,0,0,0,9298
Chandigarh,2023-12-01,137,373,147,0,0,17,0,0,0,674
Chhattisgarh,2023-12-01,1886,1025,127,0,1,6,0,0,0,3045
Dadra and Nagar Haveli and Daman and Diu,2023-12-01,13,2,4,0,1,0,0,0,0,20
Delhi,2023-12-01,5389,2897,738,348,84,22,0,0,0,9478
Goa,2023-12-01,799,3,72,6,0,4,0,0,0,884
Gujarat,2023-12-01,4080,328,546,0,3,11,0,0,0,4968
Haryana,2023-12-01,1019,2031,164,0,54,13,0,0,0,3281
Himachal Pradesh,2023-12-01,102,9,16,0,0,0,0,0,0,127
Jammu and Kashmir,2023-12-01,98,862,17,6,0,0,0,0,0,983
Jharkhand,2023-12-01,635,1469,25,2,6,1,0,0,0,2138
Karnataka,2023-12-01,10351,438,1058,55,136,18,0,0,0,12056
Kerala,2023-12-01,4912,509,847,0,2,7,0,0,0,6277
Lakshadweep,2023-12-01,1,0,0,0,0,0,0,0,2,3
Madhya Pradesh,2023-12-01,3407,2694,156,0,2,11,10,0,0,6280
Maharashtra,2023-12-01,14529,988,999,38,132,53,0,0,0,16739
Manipur,2023-12-01,6,6,2,0,0,0,0,0,0,14
Meghalaya,2023-12-01,1,2,1,0,0,0,0,0,0,4
Mizoram,2023-12-01,24,0,0,0,0,0,0,0,0,24
Odisha,2023-12-01,4383,439,165,0,21,16,0,0,0,5024
Puducherry,2023-12-01,224,10,12,0,0,1,0,0,0,247
Punjab,2023-12-01,951,1400,115,0,1,5,0,0,0,2472
Rajasthan,2023-12-01,4675,2847,344,0,4,8,5,0,0,7883
Tamil Nadu,2023-12-01,5403,405,509,4,11,28,1,0,0,6361
Telangana,2023-12-01,4991,209,525,0,0,7,0,0,0,5732
Tripura,2023-12-01,40,520,4,0,0,0,0,0,0,564
Uttar Pradesh,2023-12-01,5563,24124,531,0,8,14,0,0,0,30240
Uttarakhand,2023-12-01,655,895,36,0,1,0,0,0,0,1587
West Bengal,2023-12-01,2625,1040,138,0,22,12,0,0,0,3837
Andaman and Nicobar Islands,2024-01-01,2,0,0,0,0,1,0,0,0,3
Andhra Pradesh,2024-01-01,2135,250,123,0,2,2,0,0,0,2512
Arunachal Pradesh,2024-01-01,0,2,5,0,0,0,0,0,0,7
Assam,2024-01-01,253,3965,20,20,1,3,0,0,0,4262
Bihar,2024-01-01,1289,7025,59,0,0,4,0,0,0,8377
Chandigarh,2024-01-01,119,320,119,0,1,14,0,0,0,573
Chhattisgarh,2024-01-01,2417,1118,126,0,1,4,0,0,0,3666
Dadra and Nagar Haveli and Daman and Diu,2024-01-01,31,1,3,0,0,0,0,0,0,35
Delhi,2024-01-01,3152,2780,565,195,868,37,0,0,0,7597
Goa,2024-01-01,834,0,86,10,0,0,0,0,0,930
Gujarat,2024-01-01,5424,296,493,59,2,14,0,0,0,6288
Haryana,2024-01-01,1259,2034,237,10,45,10,0,0,0,3595
Himachal Pradesh,2024-01-01,79,7,14,0,0,4,0,0,0,104
Jammu and Kashmir,2024-01-01,221,805,13,0,0,0,0,0,0,1039
Jharkhand,2024-01-01,552,1110,24,0,7,3,0,0,0,1696
Karnataka,2024-01-01,12634,579,846,92,276,22,0,0,0,14449
Kerala,2024-01-01,6523,542,905,22,16,19,16,0,0,8043
Ladakh,2024-01-01,14,0,0,0,0,0,0,0,0,14
Madhya Pradesh,2024-01-01,3752,2878,201,10,6,30,0,0,0,6877
Maharashtra,2024-01-01,16504,892,1134,94,164,107,0,0,0,18895
Manipur,2024-01-01,7,15,7,0,0,0,0,0,0,29
Meghalaya,2024-01-01,26,1,1,0,0,0,0,0,0,28
Mizoram,2024-01-01,28,0,1,0,0,0,0,0,0,29
Odisha,2024-01-01,3883,396,145,0,5,15,0,0,0,4444
Puducherry,2024-01-01,310,11,10,0,0,0,0,0,0,331
Punjab,2024-01-01,821,1529,104,1,1,9,0,0,0,2465
Rajasthan,2024-01-01,4432,2481,492,1,8,13,5,0,0,7432
Tamil Nadu,2024-01-01,7580,406,594,34,32,69,0,0,0,8715
Telangana,2024-01-01,4509,170,567,0,0,26,0,0,4,5276
Tripura,2024-01-01,3,527,2,0,0,0,0,0,0,532
Uttar Pradesh,2024-01-01,5742,21758,462,0,4,8,0,0,0,27974
Uttarakhand,2024-01-01,382,804,47,0,2,0,0,0,0,1235
West Bengal,2024-01-01,1636,924,172,1,12,5,0,0,0,2750
Andaman and Nicobar Islands,2024-02-01,5,0,0,0,1,0,0,0,0,6
Andhra Pradesh,2024-02-01,2830,190,127,0,1,4,0,0,0,3152
Arunachal Pradesh,2024-02-01,0,0,4,0,0,0,0,0,0,4
Assam,2024-02-01,247,4432,24,0,0,4,0,0,0,4707
Bihar,2024-02-01,1304,6332,75,0,0,3,0,0,0,7714
Chandigarh,2024-02-01,126,237,93,0,1,16,0,0,0,473
Chhattisgarh,2024-02-01,2225,1115,136,0,1,1,0,0,0,3478
Dadra and Nagar Haveli and Daman and Diu,2024-02-01,24,0,5,0,0,1,0,0,0,30
Delhi,2024-02-01,2377,2593,501,23,102,45,0,0,0,5641
Goa,2024-02-01,993,0,100,0,0,3,0,1,0,1097
Gujarat,2024-02-01,5103,245,510,31,0,58,0,0,0,5947
Haryana,2024-02-01,1075,1628,169,10,143,7,0,0,0,3032
Himachal Pradesh,2024-02-01,66,19,11,0,0,1,0,0,0,97
Jammu and Kashmir,2024-02-01,234,833,25,0,0,0,0,0,0,1092
Jharkhand,2024-02-01,713,1089,32,0,12,1,0,0,0,1847
Karnataka,2024-02-01,12788,450,832,123,137,31,0,0,0,14361
Kerala,2024-02-01,5456,614,850,2,7,11,0,0,0,6940
Lakshadweep,2024-02-01,0,1,0,0,0,0,0,0,1,2
Madhya Pradesh,2024-02-01,4075,2715,189,16,6,15,0,0,0,7016
Maharashtra,2024-02-01,15414,1184,1051,100,192,112,0,0,0,18053
Manipur,2024-02-01,3,40,7,0,0,0,0,0,0,50
Meghalaya,2024-02-01,11,0,4,0,0,15,0,0,0,30
Mizoram,2024-02-01,51,0,0,0,0,0,0,0,0,51
Nagaland,2024-02-01,0,0,1,0,0,0,0,0,0,1
Odisha,2024-02-01,3733,453,201,18,2,14,0,0,0,4421
Puducherry,2024-02-01,384,19,15,0,1,0,0,0,0,419
Punjab,2024-02-01,1017,2230,111,0,0,2,0,0,0,3360
Rajasthan,2024-02-01,5144,2389,507,2,10,29,0,0,0,8081
Tamil Nadu,2024-02-01,8647,441,580,20,15,83,28,0,0,9814
Telangana,2024-02-01,6518,133,436,0,0,21,0,0,5,7113
Tripura,2024-02-01,24,562,5,0,0,0,0,0,0,591
Uttar Pradesh,2024-02-01,6634,18867,446,0,8,13,0,0,0,25968
Uttarakhand,2024-02-01,586,805,58,0,2,0,0,0,0,1451
West Bengal,2024-02-01,1341,1120,160,0,25,18,0,0,0,2664
Andaman and Nicobar Islands,2024-03-01,2,0,1,0,0,0,0,0,0,3
Andhra Pradesh,2024-03-01,7060,460,372,0,2,12,0,0,0,7906
Arunachal Pradesh,2024-03-01,0,0,1,0,0,0,0,0,0,1
Assam,2024-03-01,1267,5645,50,0,3,15,0,0,0,6980
Bihar,2024-03-01,2585,6868,103,0,0,7,0,0,0,9563
Chandigarh,2024-03-01,216,273,132,0,0,5,0,0,0,626
Chhattisgarh,2024-03-01,3666,1282,173,0,1,8,0,0,0,5130
Dadra and Nagar Haveli and Daman and Diu,2024-03-01,25,2,4,0,0,1,0,0,0,32
Delhi,2024-03-01,5029,4799,474,6,442,112,0,0,0,10862
Goa,2024-03-01,1786,1,111,4,16,4,0,0,0,1922
Gujarat,2024-03-01,8496,541,670,77,5,31,0,0,0,9820
Haryana,2024-03-01,1390,1878,162,0,173,20,0,0,0,3623
Himachal Pradesh,2024-03-01,90,30,17,0,0,3,0,0,0,140
Jammu and Kashmir,2024-03-01,299,915,21,15,0,2,0,0,0,1252
Jharkhand,2024-03-01,827,1339,42,0,11,18,0,0,0,2237
Karnataka,2024-03-01,23068,944,1002,207,752,103,0,0,0,26076
Kerala,2024-03-01,8429,672,1004,11,1,31,0,0,0,10148
Madhya Pradesh,2024-03-01,6710,2669,190,18,5,41,0,0,0,9633
Maharashtra,2024-03-01,26960,1493,1082,62,35,354,0,0,0,29986
Manipur,2024-03-01,13,3,2,0,0,0,0,0,0,18
Meghalaya,2024-03-01,4,218,3,0,0,114,0,0,0,339
Mizoram,2024-03-01,58,0,0,0,0,0,0,0,0,58
Nagaland,2024-03-01,1,0,0,0,0,0,0,0,0,1
Odisha,2024-03-01,6924,630,207,38,95,22,0,0,0,7916
Puducherry,2024-03-01,477,36,5,0,0,4,0,0,0,522
Punjab,2024-03-01,1514,3149,133,0,6,13,0,1,0,4816
Rajasthan,2024-03-01,9283,2755,493,5,9,42,0,0,0,12587
Tamil Nadu,2024-03-01,13349,496,668,14,84,108,44,0,0,14763
Telangana,2024-03-01,9119,449,648,25,0,59,0,0,0,10300
Tripura,2024-03-01,41,1170,3,0,0,2,0,0,0,1216
Uttar Pradesh,2024-03-01,7966,20547,428,0,36,525,0,0,0,29502
Uttarakhand,2024-03-01,579,758,50,0,1,0,0,0,0,1388
West Bengal,2024-03-01,2159,1228,185,15,314,53,0,0,0,3954
Andaman and Nicobar Islands,2024-04-01,11,0,1,0,0,1,0,0,0,13
Andhra Pradesh,2024-04-01,2908,187,365,0,0,13,0,0,0,3473
Arunachal Pradesh,2024-04-01,1,0,1,0,0,0,0,0,0,2
Assam,2024-04-01,274,3843,27,22,2,1,0,0,0,4169
Bihar,2024-04-01,1408,5768,76,0,1,0,0,0,0,7253
Chandigarh,2024-04-01,103,151,100,0,0,2,0,0,0,356
Chhattisgarh,2024-04-01,1861,925,134,0,0,1,0,0,0,2921
Dadra and Nagar Haveli and Daman and Diu,2024-04-01,22,0,5,0,0,0,0,0,0,27
Delhi,2024-04-01,2780,2019,447,50,6,30,0,0,0,5332
Goa,2024-04-01,853,4,143,0,0,1,0,1,0,1002
Gujarat,2024-04-01,3788,275,540,27,11,2,0,0,0,4643
Haryana,2024-04-01,1042,1371,192,0,21,6,0,0,0,2632
Himachal Pradesh,2024-04-01,77,9,21,0,0,2,0,0,0,109
Jammu and Kashmir,2024-04-01,246,485,14,21,0,0,0,0,0,766
Jharkhand,2024-04-01,597,846,36,0,6,4,0,0,0,1489
Karnataka,2024-04-01,7634,211,829,16,17,15,0,0,0,8722
Kerala,2024-04-01,3429,241,1129,0,4,8,0,0,0,4811
Madhya Pradesh,2024-04-01,2856,1692,150,0,1,8,0,0,0,4707
Maharashtra,2024-04-01,11998,919,1163,79,38,63,0,2,0,14262
Manipur,2024-04-01,0,4,6,0,0,0,0,0,0,10
Meghalaya,2024-04-01,4,14,5,0,0,48,0,0,0,71
Mizoram,2024-04-01,23,0,0,0,0,0,0,0,0,23
Odisha,2024-04-01,4053,399,170,15,0,13,0,0,0,4650
Puducherry,2024-04-01,255,15,13,0,1,2,0,0,0,286
Punjab,2024-04-01,1012,2331,115,10,2,4,0,0,0,3474
Rajasthan,2024-04-01,4377,1543,498,0,3,4,0,1,0,6426
Tamil Nadu,2024-04-01,6756,609,651,0,8,44,0,0,0,8068
Telangana,2024-04-01,1943,260,405,0,0,1,0,0,0,2609
Tripura,2024-04-01,10,364,4,0,0,0,0,0,0,378
Uttar Pradesh,2024-04-01,5224,16239,475,0,0,10,0,0,0,21948
Uttarakhand,2024-04-01,449,649,51,0,0,0,0,0,0,1149
West Bengal,2024-04-01,1483,915,212,0,63,6,0,0,0,2679
Andaman and Nicobar Islands,2024-05-01,2,0,2,0,0,0,0,0,0,4
Andhra Pradesh,2024-05-01,5825,164,470,1,0,5,0,0,0,6465
Arunachal Pradesh,2024-05-01,0,0,1,0,0,0,0,0,0,1
Assam,2024-05-01,282,5463,26,0,1,3,0,0,0,5775
Bihar,2024-05-01,1688,7021,66,0,0,0,0,0,0,8775
Chandigarh,2024-05-01,120,196,110,0,0,23,0,0,0,449
Chhattisgarh,2024-05-01,1863,1095,136,0,1,0,15,0,0,3110
Dadra and Nagar Haveli and Daman and Diu,2024-05-01,20,2,4,0,0,0,0,0,0,26
Delhi,2024-05-01,2275,2725,491,33,151,60,0,0,0,5735
Goa,2024-05-01,787,0,101,2,3,2,0,0,0,895
Gujarat,2024-05-01,4657,560,518,31,0,7,0,0,0,5773
Haryana,2024-05-01,1009,1745,167,0,68,2,0,0,0,2991
Himachal Pradesh,2024-05-01,109,7,26,0,0,4,0,0,0,146
Jammu and Kashmir,2024-05-01,74,696,16,13,0,0,0,0,0,799
Jharkhand,2024-05-01,741,979,36,0,3,2,0,0,0,1761
Karnataka,2024-05-01,9811,542,863,1,175,36,0,0,0,11428
Kerala,2024-05-01,4922,338,1027,20,8,16,0,0,0,6331
Madhya Pradesh,2024-05-01,3600,2299,153,6,9,5,0,0,0,6072
Maharashtra,2024-05-01,13199,840,1094,97,35,43,25,1,0,15334
Manipur,2024-05-01,7,14,7,0,0,0,0,0,0,28
Meghalaya,2024-05-01,19,6,6,0,0,1,0,0,0,32
Mizoram,2024-05-01,48,0,0,0,0,0,0,0,0,48
Nagaland,2024-05-01,0,0,0,0,0,1,0,0,0,1
Odisha,2024-05-01,4707,488,211,32,1,5,0,0,0,5444
Puducherry,2024-05-01,282,20,9,0,1,1,0,0,0,313
Punjab,2024-05-01,1261,2217,139,0,2,11,0,0,0,3630
Rajasthan,2024-05-01,4650,2183,477,0,12,6,0,0,0,7328
Sikkim,2024-05-01,1,0,3,0,0,0,0,0,0,4
Tamil Nadu,2024-05-01,7147,463,523,11,5,36,0,0,0,8185
Telangana,2024-05-01,4128,344,439,15,0,5,0,0,1,4932
Tripura,2024-05-01,24,540,3,0,0,0,0,0,0,567
Uttar Pradesh,2024-05-01,5856,22203,506,0,8,9,10,0,0,28592
Uttarakhand,2024-05-01,610,1132,56,0,1,0,0,0,0,1799
West Bengal,2024-05-01,1700,793,211,0,55,6,0,0,0,2765
Andaman and Nicobar Islands,2024-06-01,1,0,1,0,0,0,0,0,0,2
Andhra Pradesh,2024-06-01,4482,205,567,0,2,1,0,0,0,5257
Arunachal Pradesh,2024-06-01,1,0,2,0,0,0,0,0,0,3
Assam,2024-06-01,282,5298,22,0,2,61,0,0,0,5665
Bihar,2024-06-01,1787,7148,76,0,0,3,0,0,0,9014
Chandigarh,2024-06-01,116,238,107,0,2,0,0,0,0,463
Chhattisgarh,2024-06-01,2385,1121,118,0,1,1,0,0,0,3626
Dadra and Nagar Haveli and Daman and Diu,2024-06-01,14,0,4,0,0,0,0,0,0,18
Delhi,2024-06-01,2366,1986,501,6,157,64,0,0,0,5080
Goa,2024-06-01,683,3,85,1,0,4,0,0,0,776
Gujarat,2024-06-01,5082,299,363,50,2,2,0,0,0,5798
Haryana,2024-06-01,1292,1395,185,0,64,6,0,0,0,2942
Himachal Pradesh,2024-06-01,113,7,23,0,0,3,0,0,0,146
Jammu and Kashmir,2024-06-01,273,617,13,0,1,1,0,0,0,905
Jharkhand,2024-06-01,815,1324,42,0,5,1,0,0,0,2187
Karnataka,2024-06-01,10735,620,781,35,175,27,0,0,0,12373
Kerala,2024-06-01,4267,363,821,0,21,8,0,0,0,5480
Madhya Pradesh,2024-06-01,4189,2404,194,4,7,6,0,0,0,6804
Maharashtra,2024-06-01,13058,1037,917,39,118,109,0,0,0,15278
Manipur,2024-06-01,16,8,4,0,0,0,0,0,0,28
Meghalaya,2024-06-01,20,4,4,0,0,0,0,0,0,28
Mizoram,2024-06-01,57,0,0,0,0,0,0,0,0,57
Odisha,2024-06-01,4087,415,128,0,5,4,0,0,0,4639
Puducherry,2024-06-01,275,17,16,0,1,2,0,0,0,311
Punjab,2024-06-01,1087,1490,92,0,1,0,0,0,0,2670
Rajasthan,2024-06-01,5102,1987,429,0,4,14,1,0,0,7537
Sikkim,2024-06-01,0,0,1,0,0,0,0,0,0,1
Tamil Nadu,2024-06-01,8485,613,521,0,78,48,2,0,0,9747
Telangana,2024-06-01,5085,638,370,4,0,10,0,0,0,6107
Tripura,2024-06-01,61,720,4,0,0,0,0,0,0,785
Uttar Pradesh,2024-06-01,6341,21234,389,0,0,5,0,2,0,27971
Uttarakhand,2024-06-01,647,902,35,0,1,0,0,0,0,1585
West Bengal,2024-06-01,1871,848,172,0,33,6,0,0,0,2930
Andaman and Nicobar Islands,2024-07-01,3,0,0,0,0,0,0,0,0,3
Andhra Pradesh,2024-07-01,4654,342,622,1,16,5,0,0,0,5640
Arunachal Pradesh,2024-07-01,1,0,7,0,0,0,0,0,0,8
Assam,2024-07-01,328,6356,27,0,5,10,0,0,0,6726
Bihar,2024-07-01,1906,8336,87,0,0,5,0,0,0,10334
Chandigarh,2024-07-01,156,340,116,0,1,1,0,0,0,614
Chhattisgarh,2024-07-01,3086,1376,159,0,3,2,0,0,0,4626
Dadra and Nagar Haveli and Daman and Diu,2024-07-01,32,1,7,0,0,0,0,0,0,40
Delhi,2024-07-01,4640,2567,452,198,27,34,0,0,0,7918
Goa,2024-07-01,657,2,110,9,0,4,0,0,0,782
Gujarat,2024-07-01,7576,354,514,50,4,6,0,0,0,8504
Haryana,2024-07-01,1215,1601,197,0,26,7,0,0,0,3046
Himachal Pradesh,2024-07-01,139,16,26,0,0,5,0,0,0,186
Jammu and Kashmir,2024-07-01,337,883,20,1,0,0,0,0,0,1241
Jharkhand,2024-07-01,1030,1613,34,0,14,2,0,0,0,2693
Karnataka,2024-07-01,12962,733,793,89,147,32,1,0,0,14757
Kerala,2024-07-01,5134,401,822,0,16,6,0,0,0,6379
Lakshadweep,2024-07-01,0,0,0,0,0,0,0,0,1,1
Madhya Pradesh,2024-07-01,5724,2953,226,13,4,33,0,0,0,8953
Maharashtra,2024-07-01,18082,1558,1053,81,64,52,0,1,0,20891
Manipur,2024-07-01,7,52,6,0,0,0,0,0,0,65
Meghalaya,2024-07-01,39,35,4,0,0,36,0,0,0,114
Mizoram,2024-07-01,62,0,0,0,0,0,0,0,0,62
Nagaland,2024-07-01,3,0,1,0,0,0,0,0,0,4
Odisha,2024-07-01,5410,605,198,0,3,7,0,0,0,6223
Puducherry,2024-07-01,425,31,10,0,2,1,0,0,0,469
Punjab,2024-07-01,1789,2079,119,0,3,5,0,0,0,3995
Rajasthan,2024-07-01,7616,2656,500,0,3,11,0,0,0,10786
Sikkim,2024-07-01,0,0,1,0,0,0,0,0,0,1
Tamil Nadu,2024-07-01,12856,701,650,0,26,79,0,0,0,14312
Telangana,2024-07-01,8239,594,349,10,0,20,0,0,0,9212
Tripura,2024-07-01,62,1013,5,0,0,0,0,0,0,1080
Uttar Pradesh,2024-07-01,8442,24523,526,0,2,7,3,0,0,33503
Uttarakhand,2024-07-01,672,1094,38,0,0,1,0,0,0,1805
West Bengal,2024-07-01,2593,1451,218,8,87,10,0,0,0,4367
Andaman and Nicobar Islands,2024-08-01,5,0,1,0,1,0,0,0,0,7
Andhra Pradesh,2024-08-01,2864,245,99,0,10,0,0,0,0,3218
Arunachal Pradesh,2024-08-01,0,0,2,0,0,0,0,0,0,2
Assam,2024-08-01,286,6182,26,0,3,4,0,0,0,6501
Bihar,2024-08-01,1660,8564,61,0,1,2,0,0,0,10288
Chandigarh,2024-08-01,146,258,107,0,0,15,0,0,0,526
Chhattisgarh,2024-08-01,2958,1277,279,0,5,6,9,0,0,4534
Dadra and Nagar Haveli and Daman and Diu,2024-08-01,38,1,5,0,0,0,0,0,0,44
Delhi,2024-08-01,2586,2570,312,84,10,32,0,0,0,5594
Goa,2024-08-01,542,16,95,13,0,2,0,1,0,669
Gujarat,2024-08-01,4854,183,398,2,4,4,0,0,0,5445
Haryana,2024-08-01,2438,1553,188,0,56,9,0,0,0,4244
Himachal Pradesh,2024-08-01,123,3,17,0,3,5,0,0,0,151
Jammu and Kashmir,2024-08-01,339,869,14,0,0,0,0,0,0,1222
Jharkhand,2024-08-01,744,1291,40,0,7,5,0,0,0,2087
Karnataka,2024-08-01,12347,873,837,55,310,41,5,0,0,14468
Kerala,2024-08-01,5552,377,753,0,6,9,0,0,0,6697
Madhya Pradesh,2024-08-01,4535,2627,174,0,4,11,0,0,0,7351
Maharashtra,2024-08-01,14619,1062,835,88,111,93,1,0,1,16810
Manipur,2024-08-01,7,24,6,0,0,0,0,0,0,37
Meghalaya,2024-08-01,7,0,1,0,0,0,0,0,0,8
Mizoram,2024-08-01,34,0,0,0,0,0,0,0,0,34
Nagaland,2024-08-01,1,2,0,0,0,0,0,0,0,3
Odisha,2024-08-01,4575,437,156,0,2,6,0,0,0,5176
Puducherry,2024-08-01,317,20,6,0,0,1,0,0,0,344
Punjab,2024-08-01,2003,1670,93,0,0,3,0,0,0,3769
Rajasthan,2024-08-01,5583,2012,370,0,5,7,0,0,0,7977
Sikkim,2024-08-01,0,0,1,0,0,0,0,0,0,1
Tamil Nadu,2024-08-01,9996,511,580,0,9,70,0,0,0,11166
Telangana,2024-08-01,4340,290,343,4,0,8,0,0,0,4985
Tripura,2024-08-01,34,479,3,0,0,50,0,0,0,566
Uttar Pradesh,2024-08-01,7483,24747,424,0,31,10,7,0,0,32702
Uttarakhand,2024-08-01,527,957,38,0,0,1,0,0,0,1523
West Bengal,2024-08-01,1862,1934,179,1,86,21,0,0,0,4083
Andaman and Nicobar Islands,2024-09-01,2,0,1,0,0,0,0,0,0,3
Andhra Pradesh,2024-09-01,2777,284,73,0,1,11,0,0,0,3146
Arunachal Pradesh,2024-09-01,4,1,0,0,0,0,0,0,0,5
Assam,2024-09-01,314,6485,25,0,1,0,0,0,0,6825
Bihar,2024-09-01,1723,9111,57,0,0,2,0,0,0,10893
Chandigarh,2024-09-01,106,298,91,0,0,0,0,0,0,495
Chhattisgarh,2024-09-01,2192,910,68,0,0,0,0,0,0,3170
Dadra and Nagar Haveli and Daman and Diu,2024-09-01,14,0,4,0,0,0,0,0,0,18
Delhi,2024-09-01,1410,3662,77,184,5,40,0,0,0,5378
Goa,2024-09-01,1066,1,80,16,0,7,0,0,0,1170
Gujarat,2024-09-01,4586,199,338,0,5,10,0,0,0,5138
Haryana,2024-09-01,1892,1663,201,0,115,24,3,0,0,3898
Himachal Pradesh,2024-09-01,115,4,19,0,0,10,0,0,0,148
Jammu and Kashmir,2024-09-01,263,864,17,0,0,2,0,0,0,1146
Jharkhand,2024-09-01,849,1328,64,0,5,2,0,0,0,2248
Karnataka,2024-09-01,12759,718,700,72,262,39,2,0,0,14552
Kerala,2024-09-01,7132,398,855,0,10,19,0,0,0,8414
Ladakh,2024-09-01,4,0,0,0,0,0,0,0,0,4
Madhya Pradesh,2024-09-01,5046,2733,146,20,1,12,0,0,0,7958
Maharashtra,2024-09-01,15894,1143,928,102,68,64,1,0,0,18200
Manipur,2024-09-01,2,2,6,0,0,0,0,0,0,10
Meghalaya,2024-09-01,15,14,2,0,0,0,0,0,0,31
Mizoram,2024-09-01,53,0,0,0,0,0,0,0,0,53
Nagaland,2024-09-01,0,0,1,0,0,0,0,0,0,1
Odisha,2024-09-01,3663,485,139,0,2,8,0,0,0,4297
Puducherry,2024-09-01,372,27,11,0,0,0,0,0,0,410
Punjab,2024-09-01,1781,1813,79,0,5,1,0,0,0,3679
Rajasthan,2024-09-01,5168,1981,378,8,2,40,5,0,0,7582
Tamil Nadu,2024-09-01,11137,603,533,3,96,114,0,0,0,12486
Telangana,2024-09-01,5532,311,329,103,0,23,0,0,0,6298
Tripura,2024-09-01,57,986,3,0,0,1,0,0,0,1047
Uttar Pradesh,2024-09-01,7053,23713,352,0,62,24,0,0,0,31204
Uttarakhand,2024-09-01,971,968,37,2,0,0,0,0,0,1978
West Bengal,2024-09-01,2116,2512,167,2,70,10,0,0,0,4877
Andaman and Nicobar Islands,2024-10-01,7,0,0,0,2,0,0,0,0,9
Andhra Pradesh,2024-10-01,4432,398,122,0,0,4,0,0,0,4956
Arunachal Pradesh,2024-10-01,4,0,4,0,0,0,0,0,0,8
Assam,2024-10-01,338,5584,33,18,2,1,0,0,0,5976
Bihar,2024-10-01,2516,9147,134,0,0,4,0,0,0,11801
Chandigarh,2024-10-01,240,262,237,0,0,0,0,0,0,739
Chhattisgarh,2024-10-01,5130,1403,256,0,4,0,6,0,0,6799
Dadra and Nagar Haveli and Daman and Diu,2024-10-01,15,3,5,0,0,0,0,0,0,23
Delhi,2024-10-01,2129,4541,148,178,103,42,0,0,0,7141
Goa,2024-10-01,943,17,126,0,0,3,0,0,0,1089
Gujarat,2024-10-01,8026,394,773,0,8,27,0,0,0,9228
Haryana,2024-10-01,3133,1640,368,0,160,5,0,0,0,5306
Himachal Pradesh,2024-10-01,122,9,25,0,0,1,0,0,0,157
Jammu and Kashmir,2024-10-01,358,1128,44,0,1,0,0,0,0,1531
Jharkhand,2024-10-01,1449,1443,59,0,15,3,0,0,0,2969
Karnataka,2024-10-01,17705,988,1430,87,378,20,2,0,0,20610
Kerala,2024-10-01,5710,412,875,0,8,14,0,0,0,7019
Lakshadweep,2024-10-01,1,0,0,0,0,0,0,0,0,1
Madhya Pradesh,2024-10-01,10590,3038,393,21,4,4,0,0,0,14050
Maharashtra,2024-10-01,28370,1841,2067,94,97,133,1,1,0,32604
Manipur,2024-10-01,8,11,6,0,0,0,0,0,0,25
Meghalaya,2024-10-01,13,16,4,0,0,0,0,0,0,33
Mizoram,2024-10-01,49,0,1,0,0,0,0,0,0,50
Nagaland,2024-10-01,1,0,0,0,0,0,0,0,0,1
Odisha,2024-10-01,6877,579,297,12,3,17,0,0,0,7785
Puducherry,2024-10-01,378,34,13,0,1,0,0,0,0,426
Punjab,2024-10-01,2907,1407,147,0,2,4,0,0,0,4467
Rajasthan,2024-10-01,11708,2458,935,0,3,57,3,0,0,15164
Tamil Nadu,2024-10-01,10205,858,618,1,26,73,3,0,0,11784
Telangana,2024-10-01,4756,258,394,21,0,38,0,0,0,5467
Tripura,2024-10-01,36,1025,4,0,0,1,0,0,0,1066
Uttar Pradesh,2024-10-01,13615,25519,1043,11,14,18,0,0,0,40220
Uttarakhand,2024-10-01,883,1097,53,0,1,0,0,1,0,2035
West Bengal,2024-10-01,2284,1933,263,0,79,11,0,0,0,4570
Andaman and Nicobar Islands,2024-11-01,5,0,0,0,0,0,0,0,0,5
Andhra Pradesh,2024-11-01,5855,489,538,0,1,3,0,0,0,6886
Arunachal Pradesh,2024-11-01,4,0,3,0,0,0,0,0,0,7
Assam,2024-11-01,320,5467,32,0,0,0,0,0,0,5819
Bihar,2024-11-01,2778,7422,85,0,1,7,0,0,0,10293
Chandigarh,2024-11-01,225,186,101,0,0,0,0,0,0,512
Chhattisgarh,2024-11-01,3516,1240,114,0,0,2,0,0,0,4872
Dadra and Nagar Haveli and Daman and Diu,2024-11-01,14,3,10,0,0,0,0,0,0,27
Delhi,2024-11-01,1848,4930,150,44,70,56,0,0,0,7098
Goa,2024-11-01,442,6,84,0,0,5,0,0,0,537
Gujarat,2024-11-01,4103,210,495,0,0,15,0,0,0,4823
Haryana,2024-11-01,2173,1728,440,1,27,6,0,1,0,4376
Himachal Pradesh,2024-11-01,135,7,41,0,0,1,0,0,0,184
Jammu and Kashmir,2024-11-01,242,1051,31,0,0,0,0,0,0,1324
Jharkhand,2024-11-01,1227,1156,51,0,7,2,0,0,0,2443
Karnataka,2024-11-01,13974,676,1218,28,156,34,3,0,0,16089
Kerala,2024-11-01,5873,413,877,15,5,11,0,0,0,7194
Madhya Pradesh,2024-11-01,9899,3130,258,6,1,1,0,0,0,13295
Maharashtra,2024-11-01,21022,1225,1306,68,40,81,1,2,0,23745
Manipur,2024-11-01,3,33,9,0,0,0,0,0,0,45
Meghalaya,2024-11-01,33,25,3,0,0,2,0,0,0,63
Mizoram,2024-11-01,55,0,0,0,0,0,0,0,0,55
Odisha,2024-11-01,5354,599,254,0,7,28,0,0,0,6242
Puducherry,2024-11-01,334,21,14,0,0,0,0,0,0,369
Punjab,2024-11-01,2732,1895,144,0,0,5,0,0,0,4776
Rajasthan,2024-11-01,9457,1997,534,0,4,47,1,0,0,12040
Tamil Nadu,2024-11-01,11089,1049,704,0,73,50,10,0,0,12975
Telangana,2024-11-01,6981,334,670,35,0,18,0,0,0,8038
Tripura,2024-11-01,50,908,3,0,0,0,0,0,0,961
Uttar Pradesh,2024-11-01,13766,24222,836,0,10,15,0,4,0,38853
Uttarakhand,2024-11-01,1208,1090,75,3,0,0,0,0,0,2376
West Bengal,2024-11-01,2213,2250,282,0,41,10,0,0,0,4796
Andaman and Nicobar Islands,2024-12-01,1,0,5,0,0,0,0,0,0,6
Andhra Pradesh,2024-12-01,2936,317,551,8,3,1,0,0,0,3816
Arunachal Pradesh,2024-12-01,0,0,1,0,0,0,0,0,0,1
Assam,2024-12-01,205,4424,69,10,0,17,0,0,0,4725
Bihar,2024-12-01,1499,6941,57,0,0,50,0,0,0,8547
Chandigarh,2024-12-01,108,173,83,0,2,5,0,0,0,371
Chhattisgarh,2024-12-01,1833,856,120,0,0,1,5,0,0,2815
Dadra and Nagar Haveli and Daman and Diu,2024-12-01,12,0,6,0,1,0,0,0,0,19
Delhi,2024-12-01,944,5428,344,35,123,46,0,0,0,6920
Goa,2024-12-01,518,1,92,0,1,3,0,0,0,615
Gujarat,2024-12-01,3387,327,624,2,0,14,0,0,0,4354
Haryana,2024-12-01,1244,1579,401,0,104,11,0,0,0,3339
Himachal Pradesh,2024-12-01,116,33,33,0,0,3,0,0,0,185
Jammu and Kashmir,2024-12-01,111,732,44,0,2,1,0,0,0,890
Jharkhand,2024-12-01,791,1486,34,0,6,3,0,0,0,2320
Karnataka,2024-12-01,8966,839,1026,41,152,48,14,0,0,11086
Kerala,2024-12-01,4437,323,938,0,3,14,0,0,0,5715
Lakshadweep,2024-12-01,1,0,0,0,0,0,0,0,0,1
Madhya Pradesh,2024-12-01,4822,2548,205,8,0,17,0,0,0,7600
Maharashtra,2024-12-01,15054,1221,1373,62,79,98,0,0,0,17887
Manipur,2024-12-01,3,62,11,0,0,0,0,0,0,76
Meghalaya,2024-12-01,18,1,1,0,1,1,0,0,0,22
Mizoram,2024-12-01,40,0,0,0,0,0,0,0,0,40
Nagaland,2024-12-01,1,0,0,0,0,0,0,0,0,1
Odisha,2024-12-01,3038,730,280,5,1,26,0,0,0,4080
Puducherry,2024-12-01,239,64,13,0,0,0,0,0,0,316
Punjab,2024-12-01,1934,1251,179,0,1,5,0,0,0,3370
Rajasthan,2024-12-01,4300,1703,455,0,2,49,0,0,0,6509
Tamil Nadu,2024-12-01,7518,1158,666,5,36,41,12,0,0,9436
Telangana,2024-12-01,4189,201,768,131,0,12,0,0,0,5301
Tripura,2024-12-01,13,814,0,0,0,0,0,0,0,827
Uttar Pradesh,2024-12-01,7276,22478,747,6,13,17,0,0,0,30537
Uttarakhand,2024-12-01,736,720,48,7,0,0,0,0,0,1511
West Bengal,2024-12-01,1645,3222,281,0,28,14,0,0,0,5190
Andaman and Nicobar Islands,2025-01-01,2,0,2,0,0,0,0,0,0,4
Andhra Pradesh,2025-01-01,2367,266,174,0,4,2,2,0,0,2815
Arunachal Pradesh,2025-01-01,1,0,2,0,0,0,0,0,0,3
Assam,2025-01-01,211,4871,31,0,2,9,0,0,0,5124
Bihar,2025-01-01,2070,7053,78,0,1,12,0,0,0,9214
Chandigarh,2025-01-01,86,282,95,0,2,1,0,0,0,466
Chhattisgarh,2025-01-01,2728,1100,183,0,3,8,0,0,0,4022
Dadra and Nagar Haveli and Daman and Diu,2025-01-01,18,2,18,0,0,1,0,0,0,39
Delhi,2025-01-01,1887,5639,783,89,129,46,0,0,0,8573
Goa,2025-01-01,833,1,106,0,0,0,0,0,0,940
Gujarat,2025-01-01,4034,392,646,3,6,8,0,1,4,5094
Haryana,2025-01-01,1252,1600,452,25,105,19,1,0,0,3454
Himachal Pradesh,2025-01-01,104,31,31,0,20,1,0,0,0,187
Jammu and Kashmir,2025-01-01,178,673,30,0,0,3,0,0,0,884
Jharkhand,2025-01-01,961,1065,46,0,13,2,0,0,0,2087
Karnataka,2025-01-01,13852,1167,1340,121,342,55,9,0,0,16886
Kerala,2025-01-01,6430,429,1223,4,4,17,0,0,0,8107
Lakshadweep,2025-01-01,1,0,0,0,0,0,0,0,0,1
Madhya Pradesh,2025-01-01,6925,2691,246,0,1,14,0,0,0,9877
Maharashtra,2025-01-01,18564,1579,1769,82,104,139,0,0,0,22237
Manipur,2025-01-01,1,42,10,0,0,0,0,0,0,53
Meghalaya,2025-01-01,23,18,9,0,0,0,0,0,0,50
Mizoram,2025-01-01,56,0,0,0,0,0,0,0,0,56
Nagaland,2025-01-01,0,0,1,0,0,1,0,0,0,2
Odisha,2025-01-01,4162,384,259,25,13,42,5,0,0,4890
Puducherry,2025-01-01,356,29,14,0,0,2,0,0,0,401
Punjab,2025-01-01,1938,1400,193,0,2,36,0,0,0,3569
Rajasthan,2025-01-01,6012,1814,795,4,3,25,4,0,0,8657
Sikkim,2025-01-01,0,0,1,0,0,0,0,0,0,1
Tamil Nadu,2025-01-01,11867,698,931,14,120,70,1,0,0,13701
Telangana,2025-01-01,4092,265,1420,94,0,28,0,0,0,5899
Tripura,2025-01-01,32,786,3,0,0,0,0,0,0,821
Uttar Pradesh,2025-01-01,9005,21924,933,10,36,18,0,0,32,31958
Uttarakhand,2025-01-01,535,882,59,1,0,1,0,0,0,1478
West Bengal,2025-01-01,1915,3140,353,0,183,23,0,0,0,5614
Andaman and Nicobar Islands,2025-02-01,1,0,2,2,0,0,0,0,0,5
Andhra Pradesh,2025-02-01,3804,331,284,0,4,14,0,0,0,4437
Arunachal Pradesh,2025-02-01,4,0,5,0,0,0,0,0,0,9
Assam,2025-02-01,182,4412,30,28,1,2,0,0,0,4655
Bihar,2025-02-01,1561,6217,81,0,0,3,0,1,0,7863
Chandigarh,2025-02-01,108,176,58,0,2,3,0,0,0,347
Chhattisgarh,2025-02-01,1887,904,171,0,0,5,0,0,0,2967
Dadra and Nagar Haveli and Daman and Diu,2025-02-01,10,3,2,0,0,0,0,0,0,15
Delhi,2025-02-01,1841,5382,780,62,103,53,0,0,0,8221
Goa,2025-02-01,491,9,94,0,0,3,0,0,0,597
Gujarat,2025-02-01,3119,349,553,0,2,15,0,0,0,4038
Haryana,2025-02-01,739,1239,348,1,105,18,2,0,0,2452
Himachal Pradesh,2025-02-01,90,38,40,0,15,4,0,0,0,187
Jammu and Kashmir,2025-02-01,112,622,29,0,9,1,0,0,0,773
Jharkhand,2025-02-01,724,1219,39,0,7,9,0,0,0,1998
Karnataka,2025-02-01,9836,1281,1031,73,162,42,0,0,0,12425
Kerala,2025-02-01,5290,280,962,0,11,22,0,0,0,6565
Lakshadweep,2025-02-01,0,1,0,0,0,0,0,0,1,2
Madhya Pradesh,2025-02-01,5776,2198,224,0,0,12,0,0,0,8210
Maharashtra,2025-02-01,13043,1119,1256,85,87,75,0,0,8,15673
Manipur,2025-02-01,4,43,7,0,0,0,0,0,0,54
Meghalaya,2025-02-01,8,24,0,0,0,0,0,0,0,32
Mizoram,2025-02-01,94,0,2,0,0,0,0,0,0,96
Nagaland,2025-02-01,1,0,1,0,0,0,0,0,0,2
Odisha,2025-02-01,3636,494,229,28,1,30,4,0,0,4422
Puducherry,2025-02-01,312,41,14,0,1,0,0,0,0,368
Punjab,2025-02-01,1642,1144,183,0,0,2,0,0,0,2971
Rajasthan,2025-02-01,4325,1676,572,3,10,55,3,0,0,6644
Sikkim,2025-02-01,0,0,1,0,0,0,0,0,0,1
Tamil Nadu,2025-02-01,9805,986,712,0,15,79,2,0,0,11599
Telangana,2025-02-01,3820,224,1009,58,0,9,0,0,0,5120
Tripura,2025-02-01,26,793,3,0,0,0,0,0,0,822
Uttar Pradesh,2025-02-01,6440,19014,728,16,24,23,0,0,51,26296
Uttarakhand,2025-02-01,376,617,57,9,1,1,0,0,0,1061
West Bengal,2025-02-01,1414,2511,262,0,149,10,0,0,0,4346
Andaman and Nicobar Islands,2025-03-01,12,0,3,0,0,0,0,0,0,15
Andhra Pradesh,2025-03-01,4175,392,273,0,0,19,2,1,0,4862
Arunachal Pradesh,2025-03-01,3,0,3,0,0,0,0,0,0,6
Assam,2025-03-01,350,5619,38,0,2,5,0,0,0,6014
Bihar,2025-03-01,2467,6798,101,0,0,5,0,0,0,9371
Chandigarh,2025-03-01,163,118,91,0,12,2,0,0,0,386
Chhattisgarh,2025-03-01,3131,1011,157,0,12,12,0,0,0,4323
Dadra and Nagar Haveli and Daman and Diu,2025-03-01,17,0,5,0,0,1,0,0,0,23
Delhi,2025-03-01,2540,6304,1609,4,4,40,0,0,0,10501
Goa,2025-03-01,864,1,146,0,5,3,0,1,0,1020
Gujarat,2025-03-01,5225,564,471,27,2,9,0,0,0,6298
Haryana,2025-03-01,859,1183,416,0,71,15,0,0,0,2544
Himachal Pradesh,2025-03-01,106,20,45,0,8,1,0,0,0,180
Jammu and Kashmir,2025-03-01,190,699,32,0,2,1,0,0,0,924
Jharkhand,2025-03-01,1070,1419,81,0,0,11,0,0,0,2581
Karnataka,2025-03-01,17818,854,1320,115,189,46,5,1,0,20348
Kerala,2025-03-01,7764,399,1793,0,5,46,0,0,0,10007
Madhya Pradesh,2025-03-01,9624,2577,363,0,6,33,0,0,0,12603
Maharashtra,2025-03-01,29135,1545,2473,105,76,138,5,0,0,33477
Manipur,2025-03-01,7,22,5,0,0,0,0,0,0,34
Meghalaya,2025-03-01,21,11,4,0,0,0,0,0,0,36
Mizoram,2025-03-01,84,0,2,0,0,0,0,0,0,86
Nagaland,2025-03-01,2,0,0,0,0,0,0,0,0,2
Odisha,2025-03-01,6435,592,299,22,1,49,8,0,0,7406
Puducherry,2025-03-01,336,38,14,0,3,2,0,0,0,393
Punjab,2025-03-01,3261,1330,207,0,1,2,0,0,0,4801
Rajasthan,2025-03-01,7958,1662,649,4,7,25,0,0,0,10305
Tamil Nadu,2025-03-01,11975,1171,889,3,66,123,11,0,0,14238
Telangana,2025-03-01,6995,233,1094,74,0,22,0,0,0,8418
Tripura,2025-03-01,50,859,3,0,0,6,0,0,0,918
Uttar Pradesh,2025-03-01,12220,20998,822,0,6,24,6,0,8,34084
Uttarakhand,2025-03-01,499,777,66,0,1,1,0,1,0,1345
West Bengal,2025-03-01,3053,2590,319,0,117,28,0,0,0,6107
Andaman and Nicobar Islands,2025-04-01,3,0,3,0,0,0,0,0,0,6
Andhra Pradesh,2025-04-01,4001,461,402,0,0,13,0,0,0,4877
Arunachal Pradesh,2025-04-01,8,0,3,0,0,0,0,0,0,11
Assam,2025-04-01,280,5486,32,0,0,4,0,0,0,5802
Bihar,2025-04-01,1907,5785,90,0,0,37,0,0,0,7819
Chandigarh,2025-04-01,132,127,86,0,1,0,0,0,0,346
Chhattisgarh,2025-04-01,2213,957,237,0,2,3,0,0,0,3412
Dadra and Nagar Haveli and Daman and Diu,2025-04-01,16,3,9,0,0,0,0,0,0,28
Delhi,2025-04-01,2315,5377,726,229,1,49,0,0,0,8697
Goa,2025-04-01,477,4,126,2,0,2,0,2,0,613
Gujarat,2025-04-01,4186,246,877,0,2,31,0,0,0,5342
Haryana,2025-04-01,1588,1325,549,0,38,17,1,0,0,3518
Himachal Pradesh,2025-04-01,60,18,48,1,2,0,0,0,0,129
Jammu and Kashmir,2025-04-01,201,632,48,0,1,2,0,0,0,884
Jharkhand,2025-04-01,743,1178,62,0,6,3,0,0,0,1992
Karnataka,2025-04-01,11996,720,1450,9,133,45,10,1,0,14364
Kerala,2025-04-01,5623,451,1566,1,8,32,0,0,0,7681
Lakshadweep,2025-04-01,3,0,0,0,0,0,0,0,0,3
Madhya Pradesh,2025-04-01,5971,2495,406,11,2,14,0,0,0,8899
Maharashtra,2025-04-01,16354,1020,2072,28,54,119,5,4,0,19656
Manipur,2025-04-01,35,34,10,0,0,0,0,0,0,79
Meghalaya,2025-04-01,8,25,9,0,0,3,0,0,0,45
Mizoram,2025-04-01,72,0,0,0,0,0,0,0,0,72
Nagaland,2025-04-01,1,0,0,0,0,0,0,0,0,1
Odisha,2025-04-01,4974,498,295,0,3,23,5,0,0,5798
Puducherry,2025-04-01,293,41,13,0,0,0,0,0,0,347
Punjab,2025-04-01,2304,717,346,0,0,2,0,0,0,3369
Rajasthan,2025-04-01,5474,1416,864,3,7,31,0,1,0,7796
Sikkim,2025-04-01,1,0,0,0,0,0,0,0,0,1
Tamil Nadu,2025-04-01,9830,1157,1119,0,68,121,0,1,0,12296
Telangana,2025-04-01,3917,192,1404,2,1,33,0,0,0,5549
Tripura,2025-04-01,30,787,1,0,0,1,0,0,0,819
Uttar Pradesh,2025-04-01,8519,28734,954,0,23,33,0,0,0,38263
Uttarakhand,2025-04-01,605,747,76,0,6,1,0,0,0,1435
West Bengal,2025-04-01,2289,2078,476,0,55,12,0,0,0,4910
Andaman and Nicobar Islands,2025-05-01,6,0,3,0,1,0,0,0,0,10
Andhra Pradesh,2025-05-01,3698,377,440,0,1,7,0,0,0,4523
Arunachal Pradesh,2025-05-01,3,1,3,10,0,0,0,0,0,17
Assam,2025-05-01,329,7158,41,0,2,23,0,0,0,7553
Bihar,2025-05-01,2176,6946,79,0,0,7,0,0,0,9208
Chandigarh,2025-05-01,109,166,87,0,5,1,0,0,0,368
Chhattisgarh,2025-05-01,2356,1087,206,0,1,5,0,0,0,3655
Dadra and Nagar Haveli and Daman and Diu,2025-05-01,12,1,4,0,0,0,0,0,0,17
Delhi,2025-05-01,3355,5596,934,156,65,45,0,0,0,10151
Goa,2025-05-01,490,4,107,0,1,16,0,0,0,618
Gujarat,2025-05-01,4682,293,994,1,1,9,0,0,0,5980
Haryana,2025-05-01,1268,1492,489,0,59,62,0,0,0,3370
Himachal Pradesh,2025-05-01,89,11,44,0,0,0,0,0,0,144
Jammu and Kashmir,2025-05-01,248,668,23,0,4,2,0,0,0,945
Jharkhand,2025-05-01,1001,1586,64,0,16,3,0,0,0,2670
Karnataka,2025-05-01,13338,824,1433,1,118,61,22,0,0,15797
Kerala,2025-05-01,6850,590,1405,0,35,41,0,0,0,8921
Lakshadweep,2025-05-01,2,1,0,0,0,0,0,0,0,3
Madhya Pradesh,2025-05-01,6872,2797,415,7,0,13,0,0,0,10104
Maharashtra,2025-05-01,16500,993,1852,62,153,126,15,2,0,19703
Manipur,2025-05-01,7,15,9,0,0,0,0,0,0,31
Meghalaya,2025-05-01,14,46,8,0,0,0,0,0,0,68
Mizoram,2025-05-01,43,0,1,0,0,0,0,0,0,44
Nagaland,2025-05-01,1,0,0,0,0,0,0,0,0,1
Odisha,2025-05-01,5531,499,314,57,3,15,0,0,11,6430
Puducherry,2025-05-01,293,37,14,0,0,6,0,0,0,350
Punjab,2025-05-01,2383,975,339,0,0,4,0,0,0,3701
Rajasthan,2025-05-01,6264,1698,814,0,11,47,0,0,0,8834
Tamil Nadu,2025-05-01,9598,1026,965,52,46,104,1,0,0,11792
Telangana,2025-05-01,3830,192,1392,29,0,35,0,1,5,5484
Tripura,2025-05-01,49,710,1,0,1,0,0,0,0,761
Uttar Pradesh,2025-05-01,10291,27089,1143,1,3,29,0,0,2,38558
Uttarakhand,2025-05-01,749,846,104,0,0,4,0,0,0,1703
West Bengal,2025-05-01,2437,2480,370,0,44,16,0,0,0,5347
Andaman and Nicobar Islands,2025-06-01,5,0,5,0,0,0,0,0,0,10
Andhra Pradesh,2025-06-01,3681,430,411,9,1,11,0,1,0,4544
Arunachal Pradesh,2025-06-01,4,0,4,0,0,0,0,0,0,8
Assam,2025-06-01,322,7130,35,0,1,10,0,0,0,7498
Bihar,2025-06-01,2552,7508,80,0,0,7,0,0,0,10147
Chandigarh,2025-06-01,108,165,113,0,1,1,0,0,0,388
Chhattisgarh,2025-06-01,2633,1174,205,0,3,12,0,0,0,4027
Dadra and Nagar Haveli and Daman and Diu,2025-06-01,8,2,9,0,0,0,0,0,0,19
Delhi,2025-06-01,2786,4225,1173,126,62,68,0,0,0,8440
Goa,2025-06-01,770,7,139,0,0,1,0,0,0,917
Gujarat,2025-06-01,5680,498,865,0,2,23,0,0,0,7068
Haryana,2025-06-01,1342,1511,488,5,79,31,6,0,0,3462
Himachal Pradesh,2025-06-01,104,13,53,0,7,6,0,0,0,183
Jammu and Kashmir,2025-06-01,307,627,27,0,1,0,0,0,0,962
Jharkhand,2025-06-01,1094,1543,50,0,39,5,0,0,0,2731
Karnataka,2025-06-01,13724,924,1433,35,143,62,0,1,0,16322
Kerala,2025-06-01,6474,620,1581,0,2,24,0,0,0,8701
Lakshadweep,2025-06-01,1,0,0,0,0,0,0,0,0,1
Madhya Pradesh,2025-06-01,7996,2829,355,0,4,30,0,0,0,11214
Maharashtra,2025-06-01,16386,1268,2270,188,60,96,5,1,0,20274
Manipur,2025-06-01,48,74,2,0,0,0,0,0,0,124
Meghalaya,2025-06-01,20,58,13,0,0,3,0,0,0,94
Mizoram,2025-06-01,50,0,0,0,0,0,0,0,0,50
Nagaland,2025-06-01,3,0,0,0,0,0,0,0,0,3
Odisha,2025-06-01,5647,495,355,40,3,25,1,0,0,6566
Puducherry,2025-06-01,309,71,10,0,0,0,0,0,0,390
Punjab,2025-06-01,2358,1252,358,0,1,6,0,0,0,3975
Rajasthan,2025-06-01,6525,1744,781,0,2,33,0,0,0,9085
Sikkim,2025-06-01,1,0,0,0,0,0,0,0,0,1
Tamil Nadu,2025-06-01,11217,927,1235,120,31,86,0,0,0,13616
Telangana,2025-06-01,4649,302,1238,40,0,28,0,0,0,6257
Tripura,2025-06-01,72,771,4,0,2,0,0,0,0,849
Uttar Pradesh,2025-06-01,10415,21647,1006,6,14,49,0,0,8,33145
Uttarakhand,2025-06-01,863,713,79,0,15,3,0,0,0,1673
West Bengal,2025-06-01,2563,2277,405,0,59,17,0,0,0,5321
Andaman and Nicobar Islands,2025-07-01,14,0,7,0,4,0,0,0,0,25
Andhra Pradesh,2025-07-01,3797,482,413,5,2,10,0,0,0,4709
Arunachal Pradesh,2025-07-01,10,0,5,0,0,0,0,0,0,15
Assam,2025-07-01,343,8134,38,0,0,23,0,0,0,8538
Bihar,2025-07-01,2628,8742,94,0,0,6,0,0,0,11470
Chandigarh,2025-07-01,205,158,105,0,3,0,0,0,0,471
Chhattisgarh,2025-07-01,2474,1247,249,0,4,11,0,0,0,3985
Dadra and Nagar Haveli and Daman and Diu,2025-07-01,14,5,2,0,0,1,0,0,0,22
Delhi,2025-07-01,3528,4761,1264,199,5,81,0,0,0,9838
Goa,2025-07-01,494,0,135,0,0,1,0,0,0,630
Gujarat,2025-07-01,4917,285,987,2,8,15,2,0,0,6216
Haryana,2025-07-01,1452,1597,308,5,45,31,0,0,0,3438
Himachal Pradesh,2025-07-01,77,11,42,0,6,5,0,0,0,141
Jammu and Kashmir,2025-07-01,300,932,40,0,1,1,0,0,0,1274
Jharkhand,2025-07-01,1003,1979,52,0,20,47,0,0,0,3101
Karnataka,2025-07-01,13182,866,1527,20,84,89,0,2,0,15770
Kerala,2025-07-01,6438,581,1809,0,12,44,0,0,0,8884
Lakshadweep,2025-07-01,1,0,0,0,0,0,0,0,0,1
Madhya Pradesh,2025-07-01,8100,3776,416,7,9,17,0,0,0,12325
Maharashtra,2025-07-01,15228,1459,3519,106,129,120,11,0,0,20572
Manipur,2025-07-01,25,33,12,0,0,0,0,0,0,70
Meghalaya,2025-07-01,26,80,8,0,1,0,0,0,0,115
Mizoram,2025-07-01,69,0,0,0,0,0,0,0,0,69
Nagaland,2025-07-01,0,0,1,0,0,0,0,0,0,1
Odisha,2025-07-01,5316,558,355,3,3,34,0,0,20,6289
Puducherry,2025-07-01,386,95,17,0,2,0,0,0,0,500
Punjab,2025-07-01,2406,1762,345,0,0,8,0,0,0,4521
Rajasthan,2025-07-01,6485,2088,979,0,6,34,4,0,0,9596
Tamil Nadu,2025-07-01,11431,1032,1330,8,35,141,0,2,0,13979
Telangana,2025-07-01,4898,366,1614,37,0,33,0,0,0,6948
Tripura,2025-07-01,41,817,2,0,0,0,0,0,0,860
Uttar Pradesh,2025-07-01,10031,23305,1189,6,44,124,0,0,19,34718
Uttarakhand,2025-07-01,813,1058,94,0,7,1,0,0,0,1973
West Bengal,2025-07-01,2343,3284,454,5,83,22,0,0,0,6191
Andaman and Nicobar Islands,2025-08-01,8,0,4,0,6,0,0,0,0,18
Andhra Pradesh,2025-08-01,3792,429,453,7,0,10,1,1,0,4693
Arunachal Pradesh,2025-08-01,5,0,3,0,0,0,0,0,0,8
Assam,2025-08-01,365,8103,47,0,1,2,0,0,0,8518
Bihar,2025-08-01,2556,8246,82,0,2,9,0,0,0,10895
Chandigarh,2025-08-01,112,157,177,0,0,1,0,0,0,447
Chhattisgarh,2025-08-01,2154,1163,210,0,0,4,0,0,0,3531
Dadra and Nagar Haveli and Daman and Diu,2025-08-01,6,1,5,0,0,0,0,0,0,12
Delhi,2025-08-01,4464,4727,1334,196,61,105,0,0,0,10887
Goa,2025-08-01,690,1,137,0,0,9,0,0,0,837
Gujarat,2025-08-01,4943,218,1126,2,4,30,5,0,4,6332
Haryana,2025-08-01,1103,1656,192,2,21,62,11,0,0,3047
Himachal Pradesh,2025-08-01,83,7,42,0,9,3,0,0,0,144
Jammu and Kashmir,2025-08-01,219,734,31,0,1,1,0,0,0,986
Jharkhand,2025-08-01,1090,1951,65,0,5,13,0,0,0,3124
Karnataka,2025-08-01,15597,877,2193,53,142,77,12,0,0,18951
Kerala,2025-08-01,8401,612,1833,5,1,54,0,0,0,10906
Ladakh,2025-08-01,0,0,1,0,0,0,0,0,0,1
Madhya Pradesh,2025-08-01,7298,2864,502,3,2,117,0,0,0,10786
Maharashtra,2025-08-01,16357,1150,4545,112,146,227,43,2,0,22582
Manipur,2025-08-01,45,93,7,0,0,0,0,0,0,145
Meghalaya,2025-08-01,30,49,12,0,0,0,0,0,0,91
Mizoram,2025-08-01,28,0,1,0,0,0,0,0,0,29
Nagaland,2025-08-01,0,0,1,0,0,0,0,0,0,1
Odisha,2025-08-01,4861,487,385,0,4,27,0,0,0,5764
Puducherry,2025-08-01,272,34,11,0,0,0,0,0,0,317
Punjab,2025-08-01,1968,1311,393,1,0,3,0,0,0,3676
Rajasthan,2025-08-01,6305,1849,1056,0,13,59,1,0,0,9283
Tamil Nadu,2025-08-01,10874,1280,1299,21,32,153,0,0,0,13659
Telangana,2025-08-01,4540,283,1597,37,0,28,0,0,0,6485
Tripura,2025-08-01,40,722,9,0,0,0,0,0,0,771
Uttar Pradesh,2025-08-01,8711,20860,1252,0,11,90,0,4,14,30942
Uttarakhand,2025-08-01,777,979,97,0,5,1,0,0,0,1859
West Bengal,2025-08-01,1952,2911,479,0,85,34,0,0,0,5461
Andaman and Nicobar Islands,2025-09-01,5,0,4,0,8,1,0,0,0,18
Andhra Pradesh,2025-09-01,3355,414,435,11,3,15,1,5,0,4239
Arunachal Pradesh,2025-09-01,0,0,3,0,0,0,0,0,0,3
Assam,2025-09-01,312,7902,41,0,0,2,0,0,0,8257
Bihar,2025-09-01,1758,5148,61,0,0,10,5,0,0,6982
Chandigarh,2025-09-01,131,141,197,0,5,2,0,0,0,476
Chhattisgarh,2025-09-01,2446,1260,218,0,1,9,0,0,0,3934
Dadra and Nagar Haveli and Daman and Diu,2025-09-01,19,0,9,0,0,0,0,0,0,28
Delhi,2025-09-01,4313,5093,1302,32,36,157,0,0,0,10933
Goa,2025-09-01,679,1,167,15,0,1,0,0,0,863
Gujarat,2025-09-01,6151,383,1239,0,3,15,0,0,0,7791
Haryana,2025-09-01,995,1605,147,10,40,136,4,0,0,2937
Himachal Pradesh,2025-09-01,64,10,32,0,5,4,0,0,0,115
Jammu and Kashmir,2025-09-01,149,684,47,0,2,3,0,0,0,885
Jharkhand,2025-09-01,953,2093,55,0,0,3,0,0,0,3104
Karnataka,2025-09-01,14884,747,2071,17,120,64,2,0,0,17905
Kerala,2025-09-01,7185,602,2067,2,3,47,0,0,0,9906
Ladakh,2025-09-01,0,0,1,0,0,0,0,0,0,1
Lakshadweep,2025-09-01,1,0,0,0,0,0,0,0,0,1
Madhya Pradesh,2025-09-01,9069,3171,428,0,1,45,0,0,0,12714
Maharashtra,2025-09-01,15919,1259,2067,169,148,312,22,26,0,19922
Manipur,2025-09-01,42,92,13,0,0,0,0,0,0,147
Meghalaya,2025-09-01,29,45,12,0,0,0,0,0,0,86
Mizoram,2025-09-01,93,0,0,0,0,0,0,0,0,93
Nagaland,2025-09-01,1,0,0,0,0,0,0,0,0,1
Odisha,2025-09-01,5847,554,422,25,4,53,0,12,0,6917
Puducherry,2025-09-01,312,39,7,0,0,0,0,0,0,358
Punjab,2025-09-01,1778,1111,380,0,0,5,0,0,0,3274
Rajasthan,2025-09-01,6219,1890,1035,0,11,89,14,0,0,9258
Sikkim,2025-09-01,0,0,1,0,0,0,0,0,0,1
Tamil Nadu,2025-09-01,11615,1181,1457,52,47,134,0,0,0,14486
Telangana,2025-09-01,4821,414,1840,5,0,39,0,0,0,7119
Tripura,2025-09-01,30,765,1,0,0,12,0,0,0,808
Uttar Pradesh,2025-09-01,8129,20130,1583,15,56,31,0,0,0,29944
Uttarakhand,2025-09-01,592,988,82,0,6,4,0,0,0,1672
West Bengal,2025-09-01,1949,3734,467,0,91,28,0,0,0,6269
Andaman and Nicobar Islands,2025-10-01,11,0,3,0,6,0,0,0,0,20
Andhra Pradesh,2025-10-01,6233,467,539,7,1,19,0,0,0,7266
Arunachal Pradesh,2025-10-01,1,1,7,0,0,0,0,0,0,9
Assam,2025-10-01,342,7726,43,0,1,8,0,0,0,8120
Bihar,2025-10-01,3623,11990,189,0,2,31,15,0,0,15850
Chandigarh,2025-10-01,157,181,172,0,2,0,0,0,0,512
Chhattisgarh,2025-10-01,4155,1714,361,0,0,15,8,0,0,6253
Dadra and Nagar Haveli and Daman and Diu,2025-10-01,11,11,2,0,1,2,0,0,0,27
Delhi,2025-10-01,4437,5074,1648,26,16,167,0,0,0,11368
Goa,2025-10-01,823,2,152,5,0,5,0,1,0,988
Gujarat,2025-10-01,6610,503,1266,29,1,28,5,8,0,8450
Haryana,2025-10-01,1610,1592,142,0,35,82,25,0,0,3486
Himachal Pradesh,2025-10-01,84,4,75,0,7,2,0,0,0,172
Jammu and Kashmir,2025-10-01,266,1052,67,0,1,2,0,0,0,1388
Jharkhand,2025-10-01,1385,2307,61,0,0,5,0,0,0,3758
Karnataka,2025-10-01,19284,840,2022,1,106,80,1,0,0,22334
Kerala,2025-10-01,6774,577,1867,0,8,51,0,0,0,9277
Ladakh,2025-10-01,0,0,1,0,0,0,0,0,0,1
Lakshadweep,2025-10-01,0,1,0,0,0,0,0,0,0,1
Madhya Pradesh,2025-10-01,14170,3993,668,0,17,32,0,0,0,18880
Maharashtra,2025-10-01,25146,1537,3096,162,79,321,41,122,0,30504
Manipur,2025-10-01,44,109,15,0,0,0,0,0,0,168
Meghalaya,2025-10-01,19,72,14,0,0,1,3,0,0,109
Mizoram,2025-10-01,71,0,0,0,0,0,0,0,0,71
Nagaland,2025-10-01,2,0,0,0,0,0,0,0,0,2
Odisha,2025-10-01,7754,728,575,0,2,60,0,0,0,9119
Puducherry,2025-10-01,312,41,11,25,0,0,0,0,0,389
Punjab,2025-10-01,3017,908,419,0,0,23,0,0,0,4367
Rajasthan,2025-10-01,11366,2619,1598,0,6,138,4,0,0,15731
Tamil Nadu,2025-10-01,12342,824,1387,28,43,187,15,0,0,14826
Telangana,2025-10-01,5870,411,1701,40,0,47,14,0,0,8083
Tripura,2025-10-01,47,952,1,0,0,14,0,0,0,1014
Uttar Pradesh,2025-10-01,11325,21187,1832,8,21,69,0,0,0,34442
Uttarakhand,2025-10-01,1143,950,122,0,4,4,0,0,0,2223
West Bengal,2025-10-01,2419,2634,442,0,66,27,0,0,0,5588
Andaman and Nicobar Islands,2025-11-01,18,0,5,0,4,0,0,0,0,27
Andhra Pradesh,2025-11-01,6505,682,640,0,7,38,4,3,0,7879
Arunachal Pradesh,2025-11-01,3,0,2,0,0,0,0,0,0,5
Assam,2025-11-01,276,7523,39,0,0,7,0,0,0,7845
Bihar,2025-11-01,2720,10051,100,0,0,23,0,0,0,12894
Chandigarh,2025-11-01,123,135,228,0,0,4,0,0,0,490
Chhattisgarh,2025-11-01,2635,1242,158,0,2,15,0,1,0,4053
Dadra and Nagar Haveli and Daman and Diu,2025-11-01,19,3,12,0,0,0,0,0,0,34
Delhi,2025-11-01,3001,4263,1438,75,16,115,0,0,0,8908
Goa,2025-11-01,561,0,123,10,2,2,0,2,0,700
Gujarat,2025-11-01,5102,628,1325,4,1,14,1,1,1,7077
Haryana,2025-11-01,993,1610,103,20,25,42,17,2,0,2812
Himachal Pradesh,2025-11-01,93,6,54,0,9,8,0,0,0,170
Jammu and Kashmir,2025-11-01,161,775,34,0,3,0,0,0,0,973
Jharkhand,2025-11-01,1000,2683,62,0,2,10,0,0,0,3757
Karnataka,2025-11-01,14848,718,1844,2,36,88,0,0,0,17536
Kerala,2025-11-01,6494,618,1633,0,8,71,0,0,0,8824
Lakshadweep,2025-11-01,4,0,0,0,0,0,0,0,1,5
Madhya Pradesh,2025-11-01,9208,3411,434,0,4,42,0,0,0,13099
Maharashtra,2025-11-01,18402,1504,2275,209,64,268,11,4,0,22737
Manipur,2025-11-01,33,83,9,0,0,0,0,0,0,125
Meghalaya,2025-11-01,21,120,18,0,0,1,2,0,0,162
Mizoram,2025-11-01,75,0,1,0,0,0,0,0,0,76
Nagaland,2025-11-01,3,0,3,0,0,0,0,0,0,6
Odisha,2025-11-01,6246,543,422,0,52,51,28,0,0,7342
Puducherry,2025-11-01,349,40,10,0,0,0,0,0,0,399
Punjab,2025-11-01,2285,1125,295,0,0,31,0,0,0,3736
Rajasthan,2025-11-01,7521,2403,1037,0,5,80,17,1,0,11064
Sikkim,2025-11-01,1,0,3,0,0,0,0,0,0,4
Tamil Nadu,2025-11-01,12582,906,1351,55,31,153,11,0,0,15089
Telangana,2025-11-01,6997,514,1880,59,0,30,1,0,0,9481
Tripura,2025-11-01,69,840,4,0,0,2,0,0,0,915
Uttar Pradesh,2025-11-01,13581,28389,1056,0,15,101,4,0,0,43146
Uttarakhand,2025-11-01,1018,1080,113,0,7,5,0,0,0,2223
West Bengal,2025-11-01,1984,12283,494,0,77,33,4,0,0,14875
Andaman and Nicobar Islands,2025-12-01,1,0,1,0,4,2,0,0,0,8
Andhra Pradesh,2025-12-01,4011,486,439,5,16,26,10,1,0,4994
Arunachal Pradesh,2025-12-01,5,0,4,0,0,0,0,0,0,9
Assam,2025-12-01,359,6758,31,60,1,10,0,0,0,7219
Bihar,2025-12-01,2069,9906,91,0,0,15,5,0,0,12086
Chandigarh,2025-12-01,110,146,200,15,6,5,0,0,0,482
Chhattisgarh,2025-12-01,2153,1079,197,0,1,6,0,0,0,3436
Dadra and Nagar Haveli and Daman and Diu,2025-12-01,23,1,11,0,0,1,0,0,0,36
Delhi,2025-12-01,2493,3103,1292,188,56,99,0,0,0,7231
Goa,2025-12-01,490,0,149,0,2,2,0,0,0,643
Gujarat,2025-12-01,4314,472,1219,48,0,25,5,1,1,6085
Haryana,2025-12-01,789,1757,109,0,71,155,0,1,0,2882
Himachal Pradesh,2025-12-01,111,7,53,0,2,4,0,0,0,177
Jammu and Kashmir,2025-12-01,164,733,48,0,2,3,0,0,0,950
Jharkhand,2025-12-01,796,2270,50,0,0,7,0,0,0,3123
Karnataka,2025-12-01,12317,575,1748,0,36,87,1,0,0,14764
Kerala,2025-12-01,6728,545,1593,0,15,68,0,0,0,8949
Lakshadweep,2025-12-01,4,2,0,0,0,0,0,0,0,6
Madhya Pradesh,2025-12-01,7613,3027,431,0,6,30,2,0,0,11109
Maharashtra,2025-12-01,15140,1359,2261,134,44,270,13,0,0,19221
Manipur,2025-12-01,43,102,21,0,0,3,0,0,0,169
Meghalaya,2025-12-01,5,46,6,0,0,1,0,0,0,58
Mizoram,2025-12-01,81,0,1,0,0,0,0,0,0,82
Nagaland,2025-12-01,0,0,1,0,0,0,0,0,0,1
Odisha,2025-12-01,7140,544,484,9,62,51,7,0,0,8297
Puducherry,2025-12-01,345,37,16,0,0,1,0,0,0,399
Punjab,2025-12-01,1922,1023,366,0,0,15,0,0,0,3326
Rajasthan,2025-12-01,5266,1992,1031,0,5,114,30,0,0,8438
Tamil Nadu,2025-12-01,13331,1349,1952,84,24,219,0,0,0,16959
Telangana,2025-12-01,6555,432,1885,9,0,43,1,0,6,8931
Tripura,2025-12-01,35,824,3,0,0,9,0,0,0,871
Uttar Pradesh,2025-12-01,7572,20986,1063,26,7,55,0,0,0,29709
Uttarakhand,2025-12-01,667,816,105,0,5,4,0,0,0,1597
West Bengal,2025-12-01,2057,28332,455,0,60,39,0,0,0,30943
Andaman and Nicobar Islands,2026-01-01,2,0,7,0,1,0,0,0,0,10
Andhra Pradesh,2026-01-01,4175,460,558,1,0,20,9,0,0,5223
Arunachal Pradesh,2026-01-01,4,0,8,0,0,0,0,0,0,12
Assam,2026-01-01,257,6815,36,0,0,7,0,0,0,7115
Bihar,2026-01-01,2408,8478,135,0,0,18,8,0,0,11047
Chandigarh,2026-01-01,127,138,247,10,1,2,0,0,0,525
Chhattisgarh,2026-01-01,2901,1188,266,0,6,17,10,0,0,4388
Dadra and Nagar Haveli and Daman and Diu,2026-01-01,15,1,5,0,0,0,0,0,0,21
Delhi,2026-01-01,3882,1379,1799,245,65,131,0,0,0,7501
Goa,2026-01-01,618,5,139,0,1,2,0,0,0,765
Gujarat,2026-01-01,5532,533,1351,30,1,17,1,1,0,7466
Haryana,2026-01-01,920,1542,93,0,0,121,33,0,0,2709
Himachal Pradesh,2026-01-01,82,4,58,0,4,6,0,0,0,154
Jammu and Kashmir,2026-01-01,170,626,49,0,6,0,0,0,0,851
Jharkhand,2026-01-01,900,1796,65,0,2,5,0,0,0,2768
Karnataka,2026-01-01,16903,620,2262,25,168,127,2,0,0,20107
Kerala,2026-01-01,7681,632,1976,0,9,61,0,0,0,10359
Ladakh,2026-01-01,0,0,1,0,0,0,0,0,0,1
Lakshadweep,2026-01-01,2,0,0,0,0,0,0,0,0,2
Madhya Pradesh,2026-01-01,11191,3252,603,0,6,76,0,0,0,15128
Maharashtra,2026-01-01,20265,1259,3138,47,67,338,62,1,0,25177
Manipur,2026-01-01,28,80,11,0,0,0,0,0,0,119
Meghalaya,2026-01-01,13,48,9,0,0,1,0,0,0,71
Mizoram,2026-01-01,80,0,2,0,0,0,0,0,0,82
Nagaland,2026-01-01,2,0,1,0,0,0,0,0,0,3
Odisha,2026-01-01,7324,501,461,26,3,75,4,0,0,8394
Puducherry,2026-01-01,536,41,10,0,0,1,0,0,0,588
Punjab,2026-01-01,2136,1192,475,0,1,26,0,0,0,3830
Rajasthan,2026-01-01,6568,1927,1447,1,9,122,13,1,0,10088
Sikkim,2026-01-01,0,0,3,0,0,0,0,0,0,3
Tamil Nadu,2026-01-01,15827,1334,1443,1,17,209,0,0,0,18831
Telangana,2026-01-01,5624,298,2222,35,0,36,0,0,0,8215
Tripura,2026-01-01,38,656,4,0,0,10,0,0,0,708
Uttar Pradesh,2026-01-01,10451,22019,1627,6,8,83,2,0,0,34196
Uttarakhand,2026-01-01,642,865,130,0,3,3,0,0,0,1643
West Bengal,2026-01-01,1931,18363,513,0,84,34,0,0,0,20925
Andaman and Nicobar Islands,2026-02-01,6,0,5,0,1,0,0,0,0,12
Andhra Pradesh,2026-02-01,5728,580,455,0,2,22,1,1,0,6789
Arunachal Pradesh,2026-02-01,3,0,4,0,0,0,0,0,0,7
Assam,2026-02-01,277,7824,41,40,1,4,0,0,0,8187
Bihar,2026-02-01,2204,7384,108,0,0,20,0,0,0,9716
Chandigarh,2026-02-01,70,136,150,8,0,6,0,0,0,370
Chhattisgarh,2026-02-01,2678,1145,268,0,0,15,5,0,0,4111
Dadra and Nagar Haveli and Daman and Diu,2026-02-01,21,0,7,0,0,0,0,0,0,28
Delhi,2026-02-01,2542,1260,1354,147,55,114,0,0,0,5472
Goa,2026-02-01,613,0,121,0,1,1,0,0,0,736
Gujarat,2026-02-01,5042,490,1054,105,7,79,10,0,0,6787
Haryana,2026-02-01,740,1401,92,0,108,61,2,0,0,2404
Himachal Pradesh,2026-02-01,75,4,51,0,10,1,0,0,0,141
Jammu and Kashmir,2026-02-01,224,759,49,0,1,3,0,0,0,1036
Jharkhand,2026-02-01,823,1973,60,0,0,11,0,0,0,2867
Karnataka,2026-02-01,15457,508,1643,10,74,62,7,0,0,17761
Kerala,2026-02-01,7615,689,1452,1,2,51,0,0,0,9810
Lakshadweep,2026-02-01,10,0,0,0,0,0,0,0,0,10
Madhya Pradesh,2026-02-01,10423,2809,507,0,3,29,0,0,0,13771
Maharashtra,2026-02-01,16493,1096,2170,51,75,321,37,4,0,20247
Manipur,2026-02-01,32,125,19,0,0,0,0,0,0,176
Meghalaya,2026-02-01,6,39,7,0,0,2,0,0,0,54
Mizoram,2026-02-01,82,0,2,0,0,0,0,0,0,84
Nagaland,2026-02-01,1,0,4,0,0,0,0,0,0,5
Odisha,2026-02-01,6840,613,388,8,7,61,8,0,0,7925
Puducherry,2026-02-01,425,48,9,1,0,1,0,0,0,484
Punjab,2026-02-01,1861,1037,332,0,0,26,0,1,0,3257
Rajasthan,2026-02-01,5960,2068,1045,0,5,140,37,1,0,9256
Sikkim,2026-02-01,6,0,0,0,0,0,0,0,0,6
Tamil Nadu,2026-02-01,15410,710,1266,203,114,163,7,0,0,17873
Telangana,2026-02-01,5529,295,1543,80,0,35,1,0,0,7483
Tripura,2026-02-01,28,673,3,0,0,2,0,0,0,706
Uttar Pradesh,2026-02-01,8517,19814,1091,4,2,113,10,1,0,29552
Uttarakhand,2026-02-01,603,787,121,0,5,3,0,0,0,1519
West Bengal,2026-02-01,2044,12428,502,0,70,36,0,0,0,15080
Andaman and Nicobar Islands,2026-03-01,8,0,2,0,4,1,0,0,0,15
Andhra Pradesh,2026-03-01,8439,621,657,10,3,27,3,0,0,9760
Arunachal Pradesh,2026-03-01,18,1,9,0,0,0,0,0,0,28
Assam,2026-03-01,488,7952,40,0,2,5,0,0,0,8487
Bihar,2026-03-01,3783,7425,111,0,4,18,0,0,0,11341
Chandigarh,2026-03-01,164,125,282,14,0,1,0,0,0,586
Chhattisgarh,2026-03-01,4260,1272,362,0,9,32,10,0,0,5945
Dadra and Nagar Haveli and Daman and Diu,2026-03-01,18,1,5,0,0,1,0,0,0,25
Delhi,2026-03-01,4126,1439,2216,242,73,117,0,0,0,8213
Goa,2026-03-01,3387,8,287,0,3,1,0,0,0,3686
Gujarat,2026-03-01,8705,609,2201,122,3,38,5,0,0,11683
Haryana,2026-03-01,1523,1289,103,20,27,94,0,2,0,3058
Himachal Pradesh,2026-03-01,111,8,47,0,6,4,0,0,0,176
Jammu and Kashmir,2026-03-01,470,902,52,0,2,2,0,0,0,1428
Jharkhand,2026-03-01,1433,1805,60,0,4,12,0,0,0,3314
Karnataka,2026-03-01,25002,792,3651,0,118,95,6,0,0,29664
Kerala,2026-03-01,10403,934,1651,2,10,60,0,0,0,13060
Lakshadweep,2026-03-01,12,1,1,0,0,0,0,0,0,14
Madhya Pradesh,2026-03-01,16393,3249,1095,0,4,91,0,0,4,20836
Maharashtra,2026-03-01,33311,698,3795,20,66,469,33,0,0,38392
Manipur,2026-03-01,146,124,13,0,0,0,0,0,0,283
Meghalaya,2026-03-01,14,94,13,0,0,1,0,0,0,122
Mizoram,2026-03-01,140,0,2,0,0,0,0,0,0,142
Nagaland,2026-03-01,4,0,0,0,0,0,0,0,0,4
Odisha,2026-03-01,12029,884,686,35,20,107,0,0,0,13761
Puducherry,2026-03-01,895,49,21,15,0,0,0,0,0,980
Punjab,2026-03-01,3609,1016,461,0,0,27,0,0,0,5113
Rajasthan,2026-03-01,10628,2165,1802,4,17,201,6,1,0,14824
Tamil Nadu,2026-03-01,24573,643,1881,56,48,211,0,0,0,27412
Telangana,2026-03-01,6572,307,1909,0,0,58,0,0,0,8846
Tripura,2026-03-01,45,776,2,0,0,3,0,0,0,826
Uttar Pradesh,2026-03-01,16179,19903,1622,0,8,175,0,0,0,37887
Uttarakhand,2026-03-01,990,706,108,0,7,5,0,0,0,1816
West Bengal,2026-03-01,3799,8059,481,20,95,26,0,0,0,12480
Andaman and Nicobar Islands,2026-04-01,3,0,4,0,2,0,0,0,0,9
Andhra Pradesh,2026-04-01,7635,725,910,6,18,52,0,0,0,9346
Arunachal Pradesh,2026-04-01,4,0,8,0,0,0,0,0,0,12
Assam,2026-04-01,434,8722,46,0,1,5,0,0,0,9208
Bihar,2026-04-01,3193,8176,178,0,0,24,0,0,0,11571
Chandigarh,2026-04-01,140,132,263,13,1,4,0,0,0,553
Chhattisgarh,2026-04-01,2600,1079,349,0,2,35,14,0,0,4079
Dadra and Nagar Haveli and Daman and Diu,2026-04-01,17,4,7,0,0,2,0,0,0,30
Delhi,2026-04-01,4547,1119,1843,133,479,151,0,0,0,8272
Goa,2026-04-01,876,11,220,1,0,6,0,0,0,1114
Gujarat,2026-04-01,7034,560,2010,46,38,34,10,0,0,9732
Haryana,2026-04-01,1194,1532,141,10,38,139,1,3,0,3058
Himachal Pradesh,2026-04-01,103,8,72,0,1,3,0,0,0,187
Jammu and Kashmir,2026-04-01,405,1010,79,0,5,6,0,0,0,1505
Jharkhand,2026-04-01,1216,2051,112,0,16,21,1,0,0,3417
Karnataka,2026-04-01,21046,1105,3042,1,61,77,0,0,0,25332
Kerala,2026-04-01,8843,814,2009,0,12,87,0,0,0,11765
Ladakh,2026-04-01,0,0,1,0,0,1,0,0,0,2
Lakshadweep,2026-04-01,6,1,0,0,0,0,0,0,0,7
Madhya Pradesh,2026-04-01,9098,2114,472,2,4,34,0,0,1,11725
Maharashtra,2026-04-01,24469,978,4005,66,62,394,43,2,1,30020
Manipur,2026-04-01,33,74,9,0,0,0,0,0,0,116
Meghalaya,2026-04-01,25,63,18,0,0,0,0,0,0,106
Mizoram,2026-04-01,90,0,3,0,0,0,0,0,0,93
Odisha,2026-04-01,9933,631,651,15,9,73,0,0,0,11312
Puducherry,2026-04-01,493,36,21,0,1,0,0,0,0,551
Punjab,2026-04-01,2964,1663,649,0,1,25,0,0,0,5302
Rajasthan,2026-04-01,8844,2288,1821,3,11,233,11,0,0,13211
Tamil Nadu,2026-04-01,18901,1013,2453,5,19,211,0,0,0,22602
Telangana,2026-04-01,7433,605,1419,0,0,65,0,0,0,9522
Tripura,2026-04-01,29,591,2,0,0,2,0,0,0,624
Uttar Pradesh,2026-04-01,12797,21047,1797,46,6,160,0,0,0,35853
Uttarakhand,2026-04-01,979,930,229,0,8,10,0,0,0,2156
West Bengal,2026-04-01,2432,6081,565,0,40,33,0,0,0,9151
Andaman and Nicobar Islands,2026-05-01,9,0,4,0,1,0,0,0,0,14
Andhra Pradesh,2026-05-01,7448,870,991,1,6,63,0,0,0,9379
Arunachal Pradesh,2026-05-01,4,0,2,0,0,1,0,0,0,7
Assam,2026-05-01,608,10025,87,5,0,9,0,0,0,10734
Bihar,2026-05-01,3778,8982,217,0,0,24,1,0,0,13002
Chandigarh,2026-05-01,187,137,247,0,0,3,0,0,0,574
Chhattisgarh,2026-05-01,3834,1329,520,0,7,25,10,0,0,5725
Dadra and Nagar Haveli and Daman and Diu,2026-05-01,22,2,7,0,0,2,0,0,0,33
Delhi,2026-05-01,5156,1501,2265,91,396,175,0,0,0,9584
Goa,2026-05-01,692,2,226,1,0,2,0,0,0,923
Gujarat,2026-05-01,7627,383,1794,84,53,32,2,0,2,9977
Haryana,2026-05-01,1703,1434,127,45,41,111,3,0,0,3464
Himachal Pradesh,2026-05-01,115,8,84,0,2,7,0,0,0,216
Jammu and Kashmir,2026-05-01,375,1024,102,0,8,9,0,0,0,1518
Jharkhand,2026-05-01,1661,2205,138,2,8,27,0,0,0,4041
Karnataka,2026-05-01,21745,1138,1727,4,18,129,1,0,0,24762
Kerala,2026-05-01,8969,1070,2416,0,17,83,0,0,0,12555
Lakshadweep,2026-05-01,17,0,0,0,0,0,0,0,0,17
Madhya Pradesh,2026-05-01,10899,3130,642,0,24,57,0,0,0,14752
Maharashtra,2026-05-01,23298,1050,3869,68,63,409,51,0,0,28808
Manipur,2026-05-01,87,139,14,0,0,0,0,0,0,240
Meghalaya,2026-05-01,7,34,8,0,0,0,0,0,0,49
Mizoram,2026-05-01,114,0,1,0,0,0,0,0,0,115
Nagaland,2026-05-01,0,0,3,0,0,0,0,0,0,3
Odisha,2026-05-01,13039,813,827,1,5,110,6,0,0,14801
Puducherry,2026-05-01,518,33,23,0,0,0,0,0,0,574
Punjab,2026-05-01,2886,1293,613,0,0,35,0,0,0,4827
Rajasthan,2026-05-01,10154,2616,2276,0,12,278,16,0,0,15352
Sikkim,2026-05-01,0,0,2,0,0,0,0,0,0,2
Tamil Nadu,2026-05-01,17808,770,1898,15,29,180,3,1,0,20704
Telangana,2026-05-01,9599,879,3789,60,0,41,0,0,0,14368
Tripura,2026-05-01,55,742,3,0,0,35,0,0,0,835
Uttar Pradesh,2026-05-01,15747,23653,2044,5,1,141,0,0,0,41591
Uttarakhand,2026-05-01,1187,936,222,0,8,8,0,0,0,2361
West Bengal,2026-05-01,3440,6558,560,0,108,41,0,0,0,10707
Andaman and Nicobar Islands,2026-06-01,0,0,4,0,1,0,0,0,0,5
Andhra Pradesh,2026-06-01,9201,1080,1299,5,16,95,0,0,0,11696
Arunachal Pradesh,2026-06-01,2,0,10,0,2,1,0,0,0,15
Assam,2026-06-01,668,9292,99,0,1,25,0,0,0,10085
Bihar,2026-06-01,4138,10063,240,0,1,27,0,0,0,14469
Chandigarh,2026-06-01,153,144,426,40,17,4,0,0,0,784
Chhattisgarh,2026-06-01,4019,1620,494,0,7,37,0,1,0,6178
Dadra and Nagar Haveli and Daman and Diu,2026-06-01,16,0,13,0,1,3,0,0,0,33
Delhi,2026-06-01,5779,1391,2560,252,420,189,0,0,0,10591
Goa,2026-06-01,980,1,253,0,6,7,0,0,0,1247
Gujarat,2026-06-01,9001,411,2744,0,10,43,1,1,0,12211
Haryana,2026-06-01,1597,1662,93,0,68,78,1,0,0,3499
Himachal Pradesh,2026-06-01,104,3,89,0,3,5,0,0,0,204
Jammu and Kashmir,2026-06-01,509,1074,98,0,4,5,0,0,0,1690
Jharkhand,2026-06-01,1710,2426,118,13,5,8,0,0,0,4280
Karnataka,2026-06-01,24336,1098,2570,12,222,123,0,2,0,28363
Kerala,2026-06-01,10171,1110,2636,0,27,84,0,0,0,14028
Ladakh,2026-06-01,1,0,0,0,0,0,0,0,0,1
Lakshadweep,2026-06-01,9,1,0,0,0,0,0,0,0,10
Madhya Pradesh,2026-06-01,12398,3407,721,39,7,87,0,6,0,16665
Maharashtra,2026-06-01,28343,1300,4638,188,78,558,82,0,0,35187
Manipur,2026-06-01,75,73,10,0,0,0,0,0,0,158
Meghalaya,2026-06-01,5,57,5,0,1,1,0,0,0,69
Mizoram,2026-06-01,123,0,3,0,0,0,0,0,0,126
Odisha,2026-06-01,13166,873,923,1,6,99,1,0,0,15069
Puducherry,2026-06-01,618,34,25,0,0,1,0,0,0,678
Punjab,2026-06-01,3522,1579,747,0,0,49,0,0,0,5897
Rajasthan,2026-06-01,10527,2676,2244,53,22,308,4,0,0,15834
Sikkim,2026-06-01,1,0,0,0,0,0,0,0,0,1
Tamil Nadu,2026-06-01,23936,1077,2759,37,44,281,18,0,0,28152
Telangana,2026-06-01,8418,969,3789,1,0,112,6,0,0,13295
Tripura,2026-06-01,104,905,6,0,0,1,0,0,0,1016
Uttar Pradesh,2026-06-01,15827,24123,2058,94,37,229,0,0,0,42368
Uttarakhand,2026-06-01,1212,988,213,0,4,5,0,0,0,2422
West Bengal,2026-06-01,4472,8982,724,0,119,43,0,0,0,14340
Andaman and Nicobar Islands,2026-07-01,27,0,4,0,3,0,0,0,0,34
Andhra Pradesh,2026-07-01,9684,984,1191,18,21,76,0,0,0,11974
Arunachal Pradesh,2026-07-01,3,1,13,0,0,2,0,0,0,19
Assam,2026-07-01,718,9087,100,0,2,17,0,1,0,9925
Bihar,2026-07-01,4333,11473,270,0,5,48,0,0,0,16129
Chandigarh,2026-07-01,140,131,351,48,4,1,0,0,0,675
Chhattisgarh,2026-07-01,4573,1590,491,0,6,37,0,0,0,6697
Dadra and Nagar Haveli and Daman and Diu,2026-07-01,19,1,4,0,0,1,0,0,0,25
Delhi,2026-07-01,6717,1321,2331,137,622,243,0,0,0,11371
Goa,2026-07-01,849,1,249,2,7,7,0,0,0,1115
Gujarat,2026-07-01,10572,436,2278,98,7,39,14,0,0,13444
Haryana,2026-07-01,1590,1948,127,0,139,84,0,2,0,3890
Himachal Pradesh,2026-07-01,126,15,121,17,4,13,0,0,0,296
Jammu and Kashmir,2026-07-01,417,1241,90,0,4,3,0,0,0,1755
Jharkhand,2026-07-01,1800,2831,149,0,8,20,0,0,0,4808
Karnataka,2026-07-01,25692,1311,2444,1,94,146,0,1,0,29689
Kerala,2026-07-01,10224,1375,2872,0,30,92,0,0,0,14593
Lakshadweep,2026-07-01,6,0,0,0,0,0,0,0,0,6
Madhya Pradesh,2026-07-01,14526,4060,771,41,5,117,0,31,0,19551
Maharashtra,2026-07-01,29069,1776,4831,167,93,671,154,105,0,36866
Manipur,2026-07-01,18,16,7,0,0,0,0,0,0,41
Meghalaya,2026-07-01,9,67,8,5,0,1,0,0,0,90
Mizoram,2026-07-01,160,0,0,0,0,0,0,0,0,160
Nagaland,2026-07-01,2,0,1,0,0,0,0,0,0,3
Odisha,2026-07-01,12940,978,941,14,15,133,1,0,0,15022
Puducherry,2026-07-01,642,52,20,9,0,3,0,0,0,726
Punjab,2026-07-01,3602,1603,793,0,0,41,0,0,0,6039
Rajasthan,2026-07-01,10844,3340,2450,0,18,396,27,1,0,17076
Tamil Nadu,2026-07-01,24241,1081,3336,4,47,316,9,0,0,29034
Telangana,2026-07-01,8881,1398,3717,1,0,85,0,0,0,14082
Tripura,2026-07-01,81,872,4,0,0,3,0,0,0,960
Uttar Pradesh,2026-07-01,17170,28174,2277,10,30,190,0,0,0,47851
Uttarakhand,2026-07-01,1503,1226,286,0,3,10,0,0,0,3028
West Bengal,2026-07-01,4561,9932,846,5,142,84,0,0,0,15570
Andaman and Nicobar Islands,2026-08-01,7,0,2,0,3,0,0,0,0,12
Andhra Pradesh,2026-08-01,8753,1061,1140,16,9,307,0,0,0,11286
Arunachal Pradesh,2026-08-01,0,0,17,0,0,1,0,0,0,18
Assam,2026-08-01,585,9560,113,0,3,19,0,0,0,10280
Bihar,2026-08-01,3922,11294,260,25,1,43,0,0,0,15545
Chandigarh,2026-08-01,83,188,365,0,1,0,0,0,0,637
Chhattisgarh,2026-08-01,3922,1525,480,0,4,43,9,0,0,5983
Dadra and Nagar Haveli and Daman and Diu,2026-08-01,23,5,11,0,0,1,0,0,0,40
Delhi,2026-08-01,6697,1159,1980,73,1419,321,0,0,0,11649
Goa,2026-08-01,977,6,205,0,0,4,0,1,0,1193
Gujarat,2026-08-01,8666,399,2064,0,3,34,0,2,0,11168
Haryana,2026-08-01,1382,1638,607,2,117,98,12,2,0,3858
Himachal Pradesh,2026-08-01,108,11,116,240,0,5,0,0,0,480
Jammu and Kashmir,2026-08-01,385,1318,84,0,8,14,0,0,0,1809
Jharkhand,2026-08-01,1620,2815,133,0,6,13,2,1,0,4590
Karnataka,2026-08-01,23263,1182,2246,0,164,140,1,4,0,27000
Kerala,2026-08-01,11315,1248,2766,0,23,112,0,0,0,15464
Ladakh,2026-08-01,0,0,3,0,0,0,0,0,0,3
Lakshadweep,2026-08-01,3,0,0,0,0,0,0,0,0,3
Madhya Pradesh,2026-08-01,11505,3768,634,50,5,96,0,0,0,16058
Maharashtra,2026-08-01,24619,1452,4103,262,144,600,781,1,0,31962
Manipur,2026-08-01,20,28,5,0,0,0,0,0,0,53
Meghalaya,2026-08-01,7,50,1,0,0,0,0,0,0,58
Mizoram,2026-08-01,114,0,0,0,0,0,0,0,0,114
Nagaland,2026-08-01,0,0,1,0,0,0,0,0,0,1
Odisha,2026-08-01,12680,866,868,7,51,126,0,0,0,14598
Puducherry,2026-08-01,593,53,24,0,0,0,0,0,0,670
Punjab,2026-08-01,2973,1637,737,0,2,53,0,0,0,5402
Rajasthan,2026-08-01,11461,2795,2225,119,18,436,0,0,0,17054
Sikkim,2026-08-01,0,0,1,0,0,0,0,0,0,1
Tamil Nadu,2026-08-01,20065,1207,2596,109,39,274,20,1,0,24311
Telangana,2026-08-01,8675,923,3151,4,0,47,0,0,0,12800
Tripura,2026-08-01,56,964,6,0,0,3,0,0,0,1029
Uttar Pradesh,2026-08-01,15165,25391,1839,6,8,164,0,0,0,42573
Uttarakhand,2026-08-01,1016,1069,261,0,6,6,0,0,0,2358
West Bengal,2026-08-01,3548,7071,678,0,147,46,0,0,0,11490
Andaman and Nicobar Islands,2026-09-01,1,0,2,0,1,0,0,0,0,4
Andhra Pradesh,2026-09-01,3797,542,449,9,3,27,0,0,0,4827
Arunachal Pradesh,2026-09-01,2,1,6,0,0,0,0,0,0,9
Assam,2026-09-01,212,4024,24,0,0,12,0,0,0,4272
Bihar,2026-09-01,1643,5120,65,0,0,7,0,0,0,6835
Chandigarh,2026-09-01,50,77,112,0,0,2,0,0,0,241
Chhattisgarh,2026-09-01,1253,528,49,0,2,7,0,1,0,1840
Dadra and Nagar Haveli and Daman and Diu,2026-09-01,2,0,8,0,0,0,0,0,0,10
Delhi,2026-09-01,2661,398,701,37,789,153,0,0,0,4739
Goa,2026-09-01,671,1,124,0,0,3,0,0,0,799
Gujarat,2026-09-01,4408,161,1056,36,5,16,0,0,0,5682
Haryana,2026-09-01,837,727,565,6,34,66,26,0,0,2261
Himachal Pradesh,2026-09-01,54,4,53,12,0,2,0,0,0,125
Jammu and Kashmir,2026-09-01,124,591,39,0,0,3,0,0,0,757
Jharkhand,2026-09-01,572,1095,31,0,2,6,0,0,0,1706
Karnataka,2026-09-01,9612,515,905,6,92,68,0,5,0,11203
Kerala,2026-09-01,6021,593,1125,0,17,57,0,0,0,7813
Lakshadweep,2026-09-01,1,0,0,0,0,0,0,0,0,1
Madhya Pradesh,2026-09-01,5178,1272,184,19,3,34,0,0,0,6690
Maharashtra,2026-09-01,12962,640,2187,169,64,250,19,0,0,16291
Manipur,2026-09-01,2,22,3,0,0,0,0,0,0,27
Meghalaya,2026-09-01,6,36,2,0,0,0,0,0,0,44
Mizoram,2026-09-01,54,1,1,0,0,0,0,0,0,56
Nagaland,2026-09-01,0,0,2,0,0,0,0,0,0,2
Odisha,2026-09-01,5799,417,426,4,13,48,10,0,0,6717
Puducherry,2026-09-01,250,25,13,0,1,0,0,0,0,289
Punjab,2026-09-01,1585,678,352,0,1,7,0,0,0,2623
Rajasthan,2026-09-01,4803,1223,1095,22,9,184,0,0,0,7336
Tamil Nadu,2026-09-01,9898,451,1324,4,16,113,0,0,0,11806
Telangana,2026-09-01,3945,0,1240,0,0,0,0,0,0,5185
Tripura,2026-09-01,25,470,2,0,0,3,0,0,0,500
Uttar Pradesh,2026-09-01,7082,11315,630,12,52,81,0,0,0,19172
Uttarakhand,2026-09-01,488,576,115,0,5,3,0,0,0,1187
West Bengal,2026-09-01,2106,4015,349,0,72,42,0,0,0,6584
